dataValidTime_sensor,dataReceiveTime_system,,,
0,1000.003078,,,
0.02,1000.036812,0.033734,,
0.04,1000.076703,0.039891,,
0.06,1000.090826,0.014123,,
0.08,1000.090926,1E-04,,
0.1,1000.130353,0.039427,,
0.12,1000.130453,1E-04,,
0.14,1000.143765,0.013312,,
0.16,1000.173332,0.029567,,
0.18,1000.198363,0.025031,,
0.2,1000.2489,0.050537,,
0.22,1000.249,1E-04,,
0.24,1000.259998,0.010998,,
0.26,1000.280004,0.020006,,
0.28,1000.309655,0.029651,,
0.3,1000.329944,0.020289,,
0.32,1000.363082,0.033138,,
0.34,1000.363182,0.0001,,
0.36,1000.375759,0.012577,,
0.38,1000.380448,0.004689,,
0.4,1000.399867,0.019419,,
0.42,1000.421923,0.022056,,
0.44,1000.439817,0.017894,,
0.46,1000.460099,0.020282,,
0.48,1000.497311,0.037212,,
0.5,1000.500036,0.002725,,
0.52,1000.533762,,,
0.54,1000.547662,,,
0.56,1000.60632,,,
0.58,1000.60642,,,
0.6,1000.60652,,,
0.62,1000.623781,,,
0.64,1000.679914,,,
0.66,1000.680014,,,
0.68,1000.680114,,,
0.7,1000.706203,,,
0.72,1000.767739,,,
0.74,1000.767839,,,
0.76,1000.767939,,,
0.78,1000.788852,,,
0.8,1000.818988,,,
0.82,1000.822124,,,
0.84,1000.883531,,,
0.86,1000.883631,,,
0.88,1000.883731,,,
0.9,1000.908161,,,
0.92,1000.944816,,,
0.94,1000.965701,,,
0.96,1000.965801,,,
0.98,1000.9791,,,
1,1001.030012,,,
1.02,1001.030112,,,
1.04,1001.040509,,,
1.06,1001.064456,,,
1.08,1001.095172,,,
1.1,1001.099064,,,
1.12,1001.13347,,,
1.14,1001.144121,,,
1.16,1001.208377,,,
1.18,1001.208477,,,
1.2,1001.246573,,,
1.22,1001.246673,,,
1.24,1001.259316,,,
1.26,1001.266892,,,
1.28,1001.298076,,,
1.3,1001.308579,,,
1.32,1001.332994,,,
1.34,1001.355598,,,
1.36,1001.39507,,,
1.38,1001.39517,,,
1.4,1001.401953,,,
1.42,1001.418686,,,
1.44,1001.445611,,,
1.46,1001.464838,,,
1.48,1001.499733,,,
1.5,1001.499833,,,
1.52,1001.55364,,,
1.54,1001.55374,,,
1.56,1001.573666,,,
1.58,1001.60031,,,
1.6,1001.611821,,,
1.62,1001.656445,,,
1.64,1001.656545,,,
1.66,1001.687428,,,
1.68,1001.717177,,,
1.7,1001.717277,,,
1.72,1001.723317,,,
1.74,1001.771075,,,
1.76,1001.778762,,,
1.78,1001.783399,,,
1.8,1001.798206,,,
1.82,1001.840492,,,
1.84,1001.880262,,,
1.86,1001.880362,,,
1.88,1001.891102,,,
1.9,1001.900897,,,
1.92,1001.919826,,,
1.94,1001.942523,,,
1.96,1001.993441,,,
1.98,1001.993541,,,
2,1002.039079,,,
2.02,1002.039179,,,
2.04,1002.059625,,,
2.06,1002.059725,,,
2.08,1002.101854,,,
2.1,1002.101954,,,
2.12,1002.118287,,,
2.14,1002.174811,,,
2.16,1002.174911,,,
2.18,1002.181142,,,
2.2,1002.222296,,,
2.22,1002.230028,,,
2.24,1002.23821,,,
2.26,1002.262368,,,
2.28,1002.306679,,,
2.3,1002.323297,,,
2.32,1002.354286,,,
2.34,1002.354386,,,
2.36,1002.375706,,,
2.38,1002.390185,,,
2.4,1002.398062,,,
2.42,1002.440205,,,
2.44,1002.461892,,,
2.46,1002.468022,,,
2.48,1002.484231,,,
2.5,1002.498037,,,
2.52,1002.524158,,,
2.54,1002.537477,,,
2.56,1002.587554,,,
2.58,1002.587654,,,
2.6,1002.59866,,,
2.62,1002.628381,,,
2.64,1002.637884,,,
2.66,1002.660621,,,
2.68,1002.677323,,,
2.7,1002.702666,,,
2.72,1002.719118,,,
2.74,1002.780588,,,
2.76,1002.784558,,,
2.78,1002.784658,,,
2.8,1002.798348,,,
2.82,1002.819745,,,
2.84,1002.878692,,,
2.86,1002.878792,,,
2.88,1002.891015,,,
2.9,1002.920394,,,
2.92,1002.956882,,,
2.94,1002.976708,,,
2.96,1002.996097,,,
2.98,1002.996197,,,
3,1003.016377,,,
3.02,1003.036224,,,
3.04,1003.085881,,,
3.06,1003.085981,,,
3.08,1003.086081,,,
3.1,1003.112303,,,
3.12,1003.161905,,,
3.14,1003.162005,,,
3.16,1003.192775,,,
3.18,1003.222712,,,
3.2,1003.222812,,,
3.22,1003.244322,,,
3.24,1003.268877,,,
3.26,1003.299095,,,
3.28,1003.299195,,,
3.3,1003.299295,,,
3.32,1003.31853,,,
3.34,1003.348326,,,
3.36,1003.367822,,,
3.38,1003.376648,,,
3.4,1003.39663,,,
3.42,1003.451061,,,
3.44,1003.453871,,,
3.46,1003.46652,,,
3.48,1003.478953,,,
3.5,1003.52794,,,
3.52,1003.52804,,,
3.54,1003.579247,,,
3.56,1003.579347,,,
3.58,1003.582393,,,
3.6,1003.596456,,,
3.62,1003.616382,,,
3.64,1003.683399,,,
3.66,1003.683499,,,
3.68,1003.722749,,,
3.7,1003.731372,,,
3.72,1003.731472,,,
3.74,1003.736753,,,
3.76,1003.784461,,,
3.78,1003.784561,,,
3.8,1003.815992,,,
3.82,1003.817225,,,
3.84,1003.857913,,,
3.86,1003.900071,,,
3.88,1003.900171,,,
3.9,1003.906337,,,
3.92,1003.924874,,,
3.94,1003.953905,,,
3.96,1003.958035,,,
3.98,1003.978184,,,
4,1003.996866,,,
4.02,1004.028401,,,
4.04,1004.035963,,,
4.06,1004.066171,,,
4.08,1004.103983,,,
4.1,1004.115594,,,
4.12,1004.158492,,,
4.14,1004.183339,,,
4.16,1004.183439,,,
4.18,1004.198311,,,
4.2,1004.238087,,,
4.22,1004.238187,,,
4.24,1004.241041,,,
4.26,1004.267049,,,
4.28,1004.30176,,,
4.3,1004.30186,,,
4.32,1004.329999,,,
4.34,1004.338026,,,
4.36,1004.355923,,,
4.38,1004.395202,,,
4.4,1004.423267,,,
4.42,1004.464347,,,
4.44,1004.464447,,,
4.46,1004.495167,,,
4.48,1004.495267,,,
4.5,1004.495628,,,
4.52,1004.519315,,,
4.54,1004.571098,,,
4.56,1004.585567,,,
4.58,1004.62473,,,
4.6,1004.627012,,,
4.62,1004.627112,,,
4.64,1004.646485,,,
4.66,1004.659103,,,
4.68,1004.675639,,,
4.7,1004.699907,,,
4.72,1004.716615,,,
4.74,1004.75805,,,
4.76,1004.75815,,,
4.78,1004.821509,,,
4.8,1004.821609,,,
4.82,1004.844992,,,
4.84,1004.869855,,,
4.86,1004.892655,,,
4.88,1004.892755,,,
4.9,1004.933415,,,
4.92,1004.933515,,,
4.94,1004.939768,,,
4.96,1004.962713,,,
4.98,1005.017248,,,
5,1005.017348,,,
5.02,1005.03067,,,
5.04,1005.037296,,,
5.06,1005.055057,,,
5.08,1005.114477,,,
5.1,1005.130001,,,
5.12,1005.130101,,,
5.14,1005.155529,,,
5.16,1005.156237,,,
5.18,1005.207576,,,
5.2,1005.210092,,,
5.22,1005.220042,,,
5.24,1005.247997,,,
5.26,1005.296971,,,
5.28,1005.306056,,,
5.3,1005.306156,,,
5.32,1005.351508,,,
5.34,1005.379106,,,
5.36,1005.379206,,,
5.38,1005.400783,,,
5.4,1005.404989,,,
5.42,1005.426083,,,
5.44,1005.453213,,,
5.46,1005.463382,,,
5.48,1005.478311,,,
5.5,1005.494792,,,
5.52,1005.519068,,,
5.54,1005.544414,,,
5.56,1005.59489,,,
5.58,1005.59499,,,
5.6,1005.609956,,,
5.62,1005.635729,,,
5.64,1005.637351,,,
5.66,1005.663676,,,
5.68,1005.716293,,,
5.7,1005.72397,,,
5.72,1005.72407,,,
5.74,1005.736103,,,
5.76,1005.754412,,,
5.78,1005.790868,,,
5.8,1005.794955,,,
5.82,1005.821246,,,
5.84,1005.848459,,,
5.86,1005.854833,,,
5.88,1005.917182,,,
5.9,1005.917554,,,
5.92,1005.960095,,,
5.94,1005.960195,,,
5.96,1005.96284,,,
5.98,1005.976123,,,
6,1006.000366,,,
6.02,1006.047592,,,
6.04,1006.050215,,,
6.06,1006.066435,,,
6.08,1006.088489,,,
6.1,1006.12089,,,
6.12,1006.125201,,,
6.14,1006.137545,,,
6.16,1006.194506,,,
6.18,1006.194606,,,
6.2,1006.194706,,,
6.22,1006.227159,,,
6.24,1006.241449,,,
6.26,1006.256701,,,
6.28,1006.287272,,,
6.3,1006.294474,,,
6.32,1006.319698,,,
6.34,1006.351241,,,
6.36,1006.372527,,,
6.38,1006.416082,,,
6.4,1006.416182,,,
6.42,1006.435682,,,
6.44,1006.467974,,,
6.46,1006.468074,,,
6.48,1006.486727,,,
6.5,1006.494711,,,
6.52,1006.539454,,,
6.54,1006.543215,,,
6.56,1006.556004,,,
6.58,1006.588311,,,
6.6,1006.59911,,,
6.62,1006.661222,,,
6.64,1006.661322,,,
6.66,1006.661422,,,
6.68,1006.680113,,,
6.7,1006.694006,,,
6.72,1006.726018,,,
6.74,1006.763882,,,
6.76,1006.764051,,,
6.78,1006.780288,,,
6.8,1006.795267,,,
6.82,1006.815227,,,
6.84,1006.833307,,,
6.86,1006.874733,,,
6.88,1006.901301,,,
6.9,1006.927435,,,
6.92,1006.927535,,,
6.94,1006.952134,,,
6.96,1006.969718,,,
6.98,1007.000067,,,
7,1007.007276,,,
7.02,1007.025031,,,
7.04,1007.053228,,,
7.06,1007.097171,,,
7.08,1007.097271,,,
7.1,1007.114639,,,
7.12,1007.129752,,,
7.14,1007.169375,,,
7.16,1007.169475,,,
7.18,1007.174429,,,
7.2,1007.236919,,,
7.22,1007.237019,,,
7.24,1007.250201,,,
7.26,1007.252871,,,
7.28,1007.277288,,,
7.3,1007.332707,,,
7.32,1007.332807,,,
7.34,1007.344734,,,
7.36,1007.356484,,,
7.38,1007.373359,,,
7.4,1007.393337,,,
7.42,1007.437211,,,
7.44,1007.437311,,,
7.46,1007.453225,,,
7.48,1007.472801,,,
7.5,1007.52407,,,
7.52,1007.553334,,,
7.54,1007.568081,,,
7.56,1007.568181,,,
7.58,1007.605118,,,
7.6,1007.610929,,,
7.62,1007.658593,,,
7.64,1007.658693,,,
7.66,1007.677114,,,
7.68,1007.703517,,,
7.7,1007.727209,,,
7.72,1007.74722,,,
7.74,1007.74732,,,
7.76,1007.755534,,,
7.78,1007.783092,,,
7.8,1007.79231,,,
7.82,1007.820696,,,
7.84,1007.845671,,,
7.86,1007.878001,,,
7.88,1007.905893,,,
7.9,1007.928419,,,
7.92,1007.932784,,,
7.94,1007.933494,,,
7.96,1007.987019,,,
7.98,1007.987119,,,
8,1008.007579,,,
8.02,1008.021597,,,
8.04,1008.036164,,,
8.06,1008.053784,,,
8.08,1008.072881,,,
8.1,1008.096097,,,
8.12,1008.115065,,,
8.14,1008.175781,,,
8.16,1008.175881,,,
8.18,1008.213151,,,
8.2,1008.213251,,,
8.22,1008.256523,,,
8.24,1008.262115,,,
8.26,1008.262215,,,
8.28,1008.290963,,,
8.3,1008.333383,,,
8.32,1008.333483,,,
8.34,1008.333583,,,
8.36,1008.358324,,,
8.38,1008.378517,,,
8.4,1008.44047,,,
8.42,1008.44057,,,
8.44,1008.463228,,,
8.46,1008.478534,,,
8.48,1008.478634,,,
8.5,1008.50521,,,
8.52,1008.511926,,,
8.54,1008.53332,,,
8.56,1008.564065,,,
8.58,1008.616197,,,
8.6,1008.616297,,,
8.62,1008.616397,,,
8.64,1008.645776,,,
8.66,1008.655243,,,
8.68,1008.676349,,,
8.7,1008.697101,,,
8.72,1008.758834,,,
8.74,1008.758934,,,
8.76,1008.792864,,,
8.78,1008.806536,,,
8.8,1008.806636,,,
8.82,1008.840918,,,
8.84,1008.841018,,,
8.86,1008.861425,,,
8.88,1008.881487,,,
8.9,1008.896088,,,
8.92,1008.919903,,,
8.94,1008.939749,,,
8.96,1008.951789,,,
8.98,1008.982124,,,
9,1009.03053,,,
9.02,1009.03063,,,
9.04,1009.064723,,,
9.06,1009.067423,,,
9.08,1009.076708,,,
9.1,1009.11183,,,
9.12,1009.142875,,,
9.14,1009.142975,,,
9.16,1009.18605,,,
9.18,1009.220773,,,
9.2,1009.220873,,,
9.22,1009.220973,,,
9.24,1009.267595,,,
9.26,1009.267695,,,
9.28,1009.272761,,,
9.3,1009.307107,,,
9.32,1009.359213,,,
9.34,1009.359313,,,
9.36,1009.359413,,,
9.38,1009.402529,,,
9.4,1009.402629,,,
9.42,1009.41058,,,
9.44,1009.446717,,,
9.46,1009.498391,,,
9.48,1009.498491,,,
9.5,1009.527119,,,
9.52,1009.554154,,,
9.54,1009.554254,,,
9.56,1009.554354,,,
9.58,1009.576285,,,
9.6,1009.590844,,,
9.62,1009.624726,,,
9.64,1009.654665,,,
9.66,1009.694219,,,
9.68,1009.694319,,,
9.7,1009.694419,,,
9.72,1009.749154,,,
9.74,1009.749254,,,
9.76,1009.77472,,,
9.78,1009.77482,,,
9.8,1009.801203,,,
9.82,1009.851475,,,
9.84,1009.851575,,,
9.86,1009.851846,,,
9.88,1009.91146,,,
9.9,1009.934884,,,
9.92,1009.934984,,,
9.94,1009.93826,,,
9.96,1009.950176,,,
9.98,1009.972426,,,
10,1010.002835,,,
10.02,1010.025512,,,
10.04,1010.042259,,,
10.06,1010.09199,,,
10.08,1010.09209,,,
10.1,1010.116114,,,
10.12,1010.145167,,,
10.14,1010.159791,,,
10.16,1010.173756,,,
10.18,1010.173856,,,
10.2,1010.194722,,,
10.22,1010.239698,,,
10.24,1010.243616,,,
10.26,1010.25588,,,
10.28,1010.29853,,,
10.3,1010.333964,,,
10.32,1010.334064,,,
10.34,1010.334164,,,
10.36,1010.368625,,,
10.38,1010.418849,,,
10.4,1010.418949,,,
10.42,1010.419049,,,
10.44,1010.438501,,,
10.46,1010.473889,,,
10.48,1010.505926,,,
10.5,1010.523375,,,
10.52,1010.523475,,,
10.54,1010.564798,,,
10.56,1010.593861,,,
10.58,1010.593961,,,
10.6,1010.595228,,,
10.62,1010.609788,,,
10.64,1010.661281,,,
10.66,1010.666269,,,
10.68,1010.669386,,,
10.7,1010.725728,,,
10.72,1010.730692,,,
10.74,1010.742112,,,
10.76,1010.749494,,,
10.78,1010.808923,,,
10.8,1010.819506,,,
10.82,1010.819606,,,
10.84,1010.829436,,,
10.86,1010.863488,,,
10.88,1010.869123,,,
10.9,1010.910265,,,
10.92,1010.95862,,,
10.94,1010.95872,,,
10.96,1010.95882,,,
10.98,1011.005205,,,
11,1011.005305,,,
11.02,1011.013231,,,
11.04,1011.05294,,,
11.06,1011.07328,,,
11.08,1011.085575,,,
11.1,1011.133029,,,
11.12,1011.133129,,,
11.14,1011.133363,,,
11.16,1011.15881,,,
11.18,1011.173076,,,
11.2,1011.190602,,,
11.22,1011.217334,,,
11.24,1011.276332,,,
11.26,1011.283578,,,
11.28,1011.283678,,,
11.3,1011.288777,,,
11.32,1011.320826,,,
11.34,1011.328794,,,
11.36,1011.356002,,,
11.38,1011.373796,,,
11.4,1011.413152,,,
11.42,1011.4256,,,
11.44,1011.44065,,,
11.46,1011.461291,,,
11.48,1011.490652,,,
11.5,1011.490752,,,
11.52,1011.50968,,,
11.54,1011.55374,,,
11.56,1011.589684,,,
11.58,1011.589784,,,
11.6,1011.592843,,,
11.62,1011.620943,,,
11.64,1011.66971,,,
11.66,1011.676394,,,
11.68,1011.676494,,,
11.7,1011.693646,,,
11.72,1011.70832,,,
11.74,1011.77303,,,
11.76,1011.77313,,,
11.78,1011.803697,,,
11.8,1011.812564,,,
11.82,1011.837531,,,
11.84,1011.837631,,,
11.86,1011.853362,,,
11.88,1011.89596,,,
11.9,1011.89606,,,
11.92,1011.910031,,,
11.94,1011.936058,,,
11.96,1011.984323,,,
11.98,1011.984423,,,
12,1011.988932,,,
12.02,1012.018806,,,
12.04,1012.035997,,,
12.06,1012.051384,,,
12.08,1012.108093,,,
12.1,1012.108193,,,
12.12,1012.156164,,,
12.14,1012.172915,,,
12.16,1012.173015,,,
12.18,1012.195117,,,
12.2,1012.195217,,,
12.22,1012.220426,,,
12.24,1012.228854,,,
12.26,1012.297311,,,
12.28,1012.297411,,,
12.3,1012.297511,,,
12.32,1012.321545,,,
12.34,1012.333445,,,
12.36,1012.347991,,,
12.38,1012.385691,,,
12.4,1012.437156,,,
12.42,1012.437256,,,
12.44,1012.457701,,,
12.46,1012.459377,,,
12.48,1012.485986,,,
12.5,1012.515701,,,
12.52,1012.538443,,,
12.54,1012.54025,,,
12.56,1012.548919,,,
12.58,1012.595582,,,
12.6,1012.595682,,,
12.62,1012.609494,,,
12.64,1012.671104,,,
12.66,1012.671204,,,
12.68,1012.671304,,,
12.7,1012.706909,,,
12.72,1012.707612,,,
12.74,1012.74707,,,
12.76,1012.785599,,,
12.78,1012.786822,,,
12.8,1012.787598,,,
12.82,1012.840518,,,
12.84,1012.841848,,,
12.86,1012.857803,,,
12.88,1012.872665,,,
12.9,1012.892444,,,
12.92,1012.910555,,,
12.94,1012.937243,,,
12.96,1012.95262,,,
12.98,1013.000447,,,
13,1013.000547,,,
13.02,1013.04396,,,
13.04,1013.04406,,,
13.06,1013.051613,,,
13.08,1013.06784,,,
13.1,1013.099164,,,
13.12,1013.107778,,,
13.14,1013.138561,,,
13.16,1013.146965,,,
13.18,1013.189616,,,
13.2,1013.223884,,,
13.22,1013.223984,,,
13.24,1013.226819,,,
13.26,1013.290832,,,
13.28,1013.290932,,,
13.3,1013.291032,,,
13.32,1013.315682,,,
13.34,1013.350426,,,
13.36,1013.370926,,,
13.38,1013.390344,,,
13.4,1013.393926,,,
13.42,1013.416156,,,
13.44,1013.427586,,,
13.46,1013.489771,,,
13.48,1013.500043,,,
13.5,1013.512678,,,
13.52,1013.512778,,,
13.54,1013.529064,,,
13.56,1013.563177,,,
13.58,1013.606957,,,
13.6,1013.607057,,,
13.62,1013.607157,,,
13.64,1013.626951,,,
13.66,1013.651993,,,
13.68,1013.69616,,,
13.7,1013.702535,,,
13.72,1013.708691,,,
13.74,1013.748509,,,
13.76,1013.754556,,,
13.78,1013.766371,,,
13.8,1013.813502,,,
13.82,1013.819473,,,
13.84,1013.831815,,,
13.86,1013.872427,,,
13.88,1013.897367,,,
13.9,1013.897467,,,
13.92,1013.911986,,,
13.94,1013.939039,,,
13.96,1013.946109,,,
13.98,1013.987991,,,
14,1014.026904,,,
14.02,1014.027004,,,
14.04,1014.037182,,,
14.06,1014.055985,,,
14.08,1014.100967,,,
14.1,1014.101067,,,
14.12,1014.123278,,,
14.14,1014.126236,,,
14.16,1014.193997,,,
14.18,1014.194097,,,
14.2,1014.202779,,,
14.22,1014.209452,,,
14.24,1014.226298,,,
14.26,1014.255403,,,
14.28,1014.265725,,,
14.3,1014.309516,,,
14.32,1014.329541,,,
14.34,1014.348428,,,
14.36,1014.358639,,,
14.38,1014.386233,,,
14.4,1014.387104,,,
14.42,1014.417392,,,
14.44,1014.426484,,,
14.46,1014.445579,,,
14.48,1014.467694,,,
14.5,1014.485531,,,
14.52,1014.511747,,,
14.54,1014.550169,,,
14.56,1014.555867,,,
14.58,1014.596355,,,
14.6,1014.596455,,,
14.62,1014.637465,,,
14.64,1014.637565,,,
14.66,1014.663649,,,
14.68,1014.695628,,,
14.7,1014.695728,,,
14.72,1014.713769,,,
14.74,1014.756219,,,
14.76,1014.761761,,,
14.78,1014.774347,,,
14.8,1014.823173,,,
14.82,1014.838929,,,
14.84,1014.859437,,,
14.86,1014.859537,,,
14.88,1014.901022,,,
14.9,1014.903244,,,
14.92,1014.940703,,,
14.94,1014.941844,,,
14.96,1014.945393,,,
14.98,1014.98367,,,
15,1015.009053,,,
15.02,1015.009153,,,
15.04,1015.052449,,,
15.06,1015.074061,,,
15.08,1015.074161,,,
15.1,1015.099827,,,
15.12,1015.138109,,,
15.14,1015.147078,,,
15.16,1015.160164,,,
15.18,1015.166425,,,
15.2,1015.201446,,,
15.22,1015.217799,,,
15.24,1015.229045,,,
15.26,1015.25512,,,
15.28,1015.271821,,,
15.3,1015.330332,,,
15.32,1015.330432,,,
15.34,1015.330532,,,
15.36,1015.344647,,,
15.38,1015.369792,,,
15.4,1015.40437,,,
15.42,1015.433742,,,
15.44,1015.472431,,,
15.46,1015.472531,,,
15.48,1015.499423,,,
15.5,1015.522688,,,
15.52,1015.522788,,,
15.54,1015.573417,,,
15.56,1015.57791,,,
15.58,1015.57801,,,
15.6,1015.594376,,,
15.62,1015.608769,,,
15.64,1015.636813,,,
15.66,1015.679829,,,
15.68,1015.70638,,,
15.7,1015.70648,,,
15.72,1015.746971,,,
15.74,1015.747071,,,
15.76,1015.754592,,,
15.78,1015.785364,,,
15.8,1015.829101,,,
15.82,1015.829201,,,
15.84,1015.856386,,,
15.86,1015.856486,,,
15.88,1015.872028,,,
15.9,1015.918124,,,
15.92,1015.940019,,,
15.94,1015.940119,,,
15.96,1015.980459,,,
15.98,1015.980559,,,
16,1016.0165,,,
16.02,1016.0166,,,
16.04,1016.025582,,,
16.06,1016.048371,,,
16.08,1016.099593,,,
16.1,1016.099693,,,
16.12,1016.103896,,,
16.14,1016.128465,,,
16.16,1016.155246,,,
16.18,1016.203046,,,
16.2,1016.23287,,,
16.22,1016.244004,,,
16.24,1016.25752,,,
16.26,1016.269868,,,
16.28,1016.307104,,,
16.3,1016.307204,,,
16.32,1016.307304,,,
16.34,1016.323661,,,
16.36,1016.359165,,,
16.38,1016.372481,,,
16.4,1016.395035,,,
16.42,1016.416395,,,
16.44,1016.423823,,,
16.46,1016.444224,,,
16.48,1016.484273,,,
16.5,1016.498801,,,
16.52,1016.551548,,,
16.54,1016.551648,,,
16.56,1016.563511,,,
16.58,1016.612885,,,
16.6,1016.612985,,,
16.62,1016.647183,,,
16.64,1016.647283,,,
16.66,1016.647383,,,
16.68,1016.688563,,,
16.7,1016.711005,,,
16.72,1016.711105,,,
16.74,1016.729056,,,
16.76,1016.744846,,,
16.78,1016.763276,,,
16.8,1016.784123,,,
16.82,1016.808234,,,
16.84,1016.826538,,,
16.86,1016.855216,,,
16.88,1016.892922,,,
16.9,1016.916208,,,
16.92,1016.916308,,,
16.94,1016.936644,,,
16.96,1016.950011,,,
16.98,1016.976724,,,
17,1017.005637,,,
17.02,1017.018038,,,
17.04,1017.024317,,,
17.06,1017.064308,,,
17.08,1017.103213,,,
17.1,1017.11329,,,
17.12,1017.11339,,,
17.14,1017.161942,,,
17.16,1017.162042,,,
17.18,1017.166001,,,
17.2,1017.185819,,,
17.22,1017.21006,,,
17.24,1017.263613,,,
17.26,1017.263713,,,
17.28,1017.266412,,,
17.3,1017.285099,,,
17.32,1017.342645,,,
17.34,1017.357237,,,
17.36,1017.367903,,,
17.38,1017.410212,,,
17.4,1017.427211,,,
17.42,1017.427311,,,
17.44,1017.456966,,,
17.46,1017.457066,,,
17.48,1017.473912,,,
17.5,1017.491737,,,
17.52,1017.502488,,,
17.54,1017.570742,,,
17.56,1017.570842,,,
17.58,1017.570942,,,
17.6,1017.582679,,,
17.62,1017.621637,,,
17.64,1017.633837,,,
17.66,1017.655023,,,
17.68,1017.676779,,,
17.7,1017.684033,,,
17.72,1017.705131,,,
17.74,1017.722997,,,
17.76,1017.747882,,,
17.78,1017.805519,,,
17.8,1017.805619,,,
17.82,1017.805719,,,
17.84,1017.86452,,,
17.86,1017.86462,,,
17.88,1017.86472,,,
17.9,1017.898771,,,
17.92,1017.915595,,,
17.94,1017.92896,,,
17.96,1017.960114,,,
17.98,1017.975704,,,
18,1017.984622,,,
18.02,1018.013512,,,
18.04,1018.029754,,,
18.06,1018.04466,,,
18.08,1018.066217,,,
18.1,1018.107476,,,
18.12,1018.120603,,,
18.14,1018.131406,,,
18.16,1018.147814,,,
18.18,1018.177801,,,
18.2,1018.18658,,,
18.22,1018.202213,,,
18.24,1018.230963,,,
18.26,1018.252329,,,
18.28,1018.286607,,,
18.3,1018.286707,,,
18.32,1018.302168,,,
18.34,1018.339238,,,
18.36,1018.356746,,,
18.38,1018.367714,,,
18.4,1018.40183,,,
18.42,1018.448013,,,
18.44,1018.448113,,,
18.46,1018.449256,,,
18.48,1018.481858,,,
18.5,1018.487714,,,
18.52,1018.504386,,,
18.54,1018.523848,,,
18.56,1018.542268,,,
18.58,1018.59278,,,
18.6,1018.59288,,,
18.62,1018.620232,,,
18.64,1018.644925,,,
18.66,1018.654475,,,
18.68,1018.710863,,,
18.7,1018.710963,,,
18.72,1018.742252,,,
18.74,1018.742352,,,
18.76,1018.775871,,,
18.78,1018.786748,,,
18.8,1018.786848,,,
18.82,1018.810077,,,
18.84,1018.866261,,,
18.86,1018.866361,,,
18.88,1018.910122,,,
18.9,1018.910222,,,
18.92,1018.911723,,,
18.94,1018.964056,,,
18.96,1018.964156,,,
18.98,1019.002267,,,
19,1019.002367,,,
19.02,1019.047899,,,
19.04,1019.060812,,,
19.06,1019.060912,,,
19.08,1019.074806,,,
19.1,1019.082502,,,
19.12,1019.131697,,,
19.14,1019.16493,,,
19.16,1019.16503,,,
19.18,1019.182184,,,
19.2,1019.229626,,,
19.22,1019.229726,,,
19.24,1019.233626,,,
19.26,1019.283678,,,
19.28,1019.283778,,,
19.3,1019.310056,,,
19.32,1019.344409,,,
19.34,1019.344509,,,
19.36,1019.382063,,,
19.38,1019.382163,,,
19.4,1019.382455,,,
19.42,1019.443978,,,
19.44,1019.444078,,,
19.46,1019.474804,,,
19.48,1019.474904,,,
19.5,1019.494115,,,
19.52,1019.52872,,,
19.54,1019.52882,,,
19.56,1019.578417,,,
19.58,1019.583923,,,
19.6,1019.585309,,,
19.62,1019.60385,,,
19.64,1019.643173,,,
19.66,1019.683194,,,
19.68,1019.683294,,,
19.7,1019.718317,,,
19.72,1019.71942,,,
19.74,1019.748778,,,
19.76,1019.748878,,,
19.78,1019.769293,,,
19.8,1019.823811,,,
19.82,1019.823911,,,
19.84,1019.832074,,,
19.86,1019.853751,,,
19.88,1019.873827,,,
19.9,1019.880932,,,
19.92,1019.940274,,,
19.94,1019.962871,,,
19.96,1019.971825,,,
19.98,1019.971925,,,
20,1019.99217,,,
20.02,1020.017579,,,
20.04,1020.050455,,,
20.06,1020.050555,,,
20.08,1020.065623,,,
20.1,1020.084993,,,
20.12,1020.099905,,,
20.14,1020.13585,,,
20.16,1020.15162,,,
20.18,1020.172188,,,
20.2,1020.184393,,,
20.22,1020.200155,,,
20.24,1020.253886,,,
20.26,1020.28857,,,
20.28,1020.28867,,,
20.3,1020.28877,,,
20.32,1020.301407,,,
20.34,1020.358215,,,
20.36,1020.383748,,,
20.38,1020.383848,,,
20.4,1020.414647,,,
20.42,1020.421056,,,
20.44,1020.421356,,,
20.46,1020.44121,,,
20.48,1020.465592,,,
20.5,1020.49432,,,
20.52,1020.508454,,,
20.54,1020.548687,,,
20.56,1020.549133,,,
20.58,1020.561803,,,
20.6,1020.612627,,,
20.62,1020.612727,,,
20.64,1020.626491,,,
20.66,1020.679712,,,
20.68,1020.696097,,,
20.7,1020.696197,,,
20.72,1020.731316,,,
20.74,1020.731416,,,
20.76,1020.775187,,,
20.78,1020.779576,,,
20.8,1020.820986,,,
20.82,1020.821086,,,
20.84,1020.824451,,,
20.86,1020.859716,,,
20.88,1020.862408,,,
20.9,1020.881169,,,
20.92,1020.910195,,,
20.94,1020.96196,,,
20.96,1020.96206,,,
20.98,1020.977505,,,
21,1021.0024,,,
21.02,1021.005218,,,
21.04,1021.058047,,,
21.06,1021.068614,,,
21.08,1021.068714,,,
21.1,1021.083564,,,
21.12,1021.121246,,,
21.14,1021.165004,,,
21.16,1021.165104,,,
21.18,1021.191305,,,
21.2,1021.191405,,,
21.22,1021.198962,,,
21.24,1021.228589,,,
21.26,1021.266661,,,
21.28,1021.285255,,,
21.3,1021.285355,,,
21.32,1021.309033,,,
21.34,1021.320863,,,
21.36,1021.348696,,,
21.38,1021.407517,,,
21.4,1021.422114,,,
21.42,1021.422214,,,
21.44,1021.422314,,,
21.46,1021.473074,,,
21.48,1021.473174,,,
21.5,1021.483051,,,
21.52,1021.54594,,,
21.54,1021.54604,,,
21.56,1021.555063,,,
21.58,1021.587258,,,
21.6,1021.626972,,,
21.62,1021.627072,,,
21.64,1021.63921,,,
21.66,1021.669424,,,
21.68,1021.679939,,,
21.7,1021.680039,,,
21.72,1021.72723,,,
21.74,1021.72733,,,
21.76,1021.787669,,,
21.78,1021.787769,,,
21.8,1021.820675,,,
21.82,1021.820775,,,
21.84,1021.85016,,,
21.86,1021.879426,,,
21.88,1021.886843,,,
21.9,1021.904325,,,
21.92,1021.904425,,,
21.94,1021.967727,,,
21.96,1021.967827,,,
21.98,1021.995676,,,
22,1021.995776,,,
22.02,1022.032856,,,
22.04,1022.032956,,,
22.06,1022.082554,,,
22.08,1022.082654,,,
22.1,1022.10473,,,
22.12,1022.10483,,,
22.14,1022.144137,,,
22.16,1022.144237,,,
22.18,1022.168364,,,
22.2,1022.178327,,,
22.22,1022.206207,,,
22.24,1022.243304,,,
22.26,1022.258845,,,
22.28,1022.259379,,,
22.3,1022.300488,,,
22.32,1022.313272,,,
22.34,1022.328899,,,
22.36,1022.374272,,,
22.38,1022.374372,,,
22.4,1022.377622,,,
22.42,1022.397803,,,
22.44,1022.425988,,,
22.46,1022.441195,,,
22.48,1022.470806,,,
22.5,1022.493955,,,
22.52,1022.507452,,,
22.54,1022.541914,,,
22.56,1022.547471,,,
22.58,1022.590496,,,
22.6,1022.590596,,,
22.62,1022.644735,,,
22.64,1022.644835,,,
22.66,1022.665977,,,
22.68,1022.702555,,,
22.7,1022.702655,,,
22.72,1022.73715,,,
22.74,1022.73725,,,
22.76,1022.747641,,,
22.78,1022.776438,,,
22.8,1022.826018,,,
22.82,1022.846148,,,
22.84,1022.846248,,,
22.86,1022.859502,,,
22.88,1022.860881,,,
22.9,1022.877658,,,
22.92,1022.927848,,,
22.94,1022.928478,,,
22.96,1022.98276,,,
22.98,1022.98286,,,
23,1022.990092,,,
23.02,1022.999954,,,
23.04,1023.036876,,,
23.06,1023.044735,,,
23.08,1023.09434,,,
23.1,1023.100666,,,
23.12,1023.117542,,,
23.14,1023.16679,,,
23.16,1023.16689,,,
23.18,1023.16699,,,
23.2,1023.198861,,,
23.22,1023.210072,,,
23.24,1023.221343,,,
23.26,1023.275852,,,
23.28,1023.275952,,,
23.3,1023.312512,,,
23.32,1023.326852,,,
23.34,1023.333485,,,
23.36,1023.338002,,,
23.38,1023.35668,,,
23.4,1023.377616,,,
23.42,1023.435794,,,
23.44,1023.435894,,,
23.46,1023.437254,,,
23.48,1023.492747,,,
23.5,1023.492847,,,
23.52,1023.540312,,,
23.54,1023.563194,,,
23.56,1023.576957,,,
23.58,1023.583247,,,
23.6,1023.590909,,,
23.62,1023.59668,,,
23.64,1023.644098,,,
23.66,1023.644198,,,
23.68,1023.696018,,,
23.7,1023.696118,,,
23.72,1023.69927,,,
23.74,1023.718298,,,
23.76,1023.739847,,,
23.78,1023.782406,,,
23.8,1023.782506,,,
23.82,1023.823566,,,
23.84,1023.838502,,,
23.86,1023.847341,,,
23.88,1023.893115,,,
23.9,1023.92534,,,
23.92,1023.944802,,,
23.94,1023.945988,,,
23.96,1023.946088,,,
23.98,1023.95608,,,
24,1023.980639,,,
24.02,1023.996614,,,
24.04,1024.028033,,,
24.06,1024.037694,,,
24.08,1024.077249,,,
24.1,1024.080348,,,
24.12,1024.097708,,,
24.14,1024.147195,,,
24.16,1024.147295,,,
24.18,1024.190329,,,
24.2,1024.193398,,,
24.22,1024.204586,,,
24.24,1024.238396,,,
24.26,1024.240201,,,
24.28,1024.257293,,,
24.3,1024.30489,,,
24.32,1024.30499,,,
24.34,1024.315684,,,
24.36,1024.379402,,,
24.38,1024.379502,,,
24.4,1024.379602,,,
24.42,1024.414975,,,
24.44,1024.439073,,,
24.46,1024.484738,,,
24.48,1024.484838,,,
24.5,1024.524229,,,
24.52,1024.524329,,,
24.54,1024.538595,,,
24.56,1024.554751,,,
24.58,1024.559408,,,
24.6,1024.602043,,,
24.62,1024.603082,,,
24.64,1024.615625,,,
24.66,1024.63558,,,
24.68,1024.658387,,,
24.7,1024.675389,,,
24.72,1024.732368,,,
24.74,1024.732468,,,
24.76,1024.735312,,,
24.78,1024.796695,,,
24.8,1024.796795,,,
24.82,1024.799404,,,
24.84,1024.816231,,,
24.86,1024.883231,,,
24.88,1024.883331,,,
24.9,1024.89127,,,
24.92,1024.895468,,,
24.94,1024.915095,,,
24.96,1024.980744,,,
24.98,1024.98587,,,
25,1025.014619,,,
25.02,1025.014719,,,
25.04,1025.025684,,,
25.06,1025.038835,,,
25.08,1025.063657,,,
25.1,1025.075202,,,
25.12,1025.111006,,,
25.14,1025.116041,,,
25.16,1025.157626,,,
25.18,1025.174206,,,
25.2,1025.221717,,,
25.22,1025.221817,,,
25.24,1025.246841,,,
25.26,1025.263538,,,
25.28,1025.263638,,,
25.3,1025.283226,,,
25.32,1025.298367,,,
25.34,1025.319703,,,
25.36,1025.346256,,,
25.38,1025.355974,,,
25.4,1025.395333,,,
25.42,1025.405992,,,
25.44,1025.44249,,,
25.46,1025.456689,,,
25.48,1025.456789,,,
25.5,1025.48469,,,
25.52,1025.496424,,,
25.54,1025.515159,,,
25.56,1025.535604,,,
25.58,1025.554695,,,
25.6,1025.594514,,,
25.62,1025.594614,,,
25.64,1025.62428,,,
25.66,1025.653362,,,
25.68,1025.670711,,,
25.7,1025.719178,,,
25.72,1025.719278,,,
25.74,1025.719378,,,
25.76,1025.73842,,,
25.78,1025.755919,,,
25.8,1025.781485,,,
25.82,1025.794195,,,
25.84,1025.822657,,,
25.86,1025.853678,,,
25.88,1025.859718,,,
25.9,1025.885314,,,
25.92,1025.92132,,,
25.94,1025.941067,,,
25.96,1025.941549,,,
25.98,1025.973656,,,
26,1025.974176,,,
26.02,1026.026639,,,
26.04,1026.062176,,,
26.06,1026.062276,,,
26.08,1026.062376,,,
26.1,1026.081944,,,
26.12,1026.094837,,,
26.14,1026.157033,,,
26.16,1026.158395,,,
26.18,1026.161488,,,
26.2,1026.204156,,,
26.22,1026.204256,,,
26.24,1026.214889,,,
26.26,1026.241184,,,
26.28,1026.301132,,,
26.3,1026.301232,,,
26.32,1026.301332,,,
26.34,1026.316423,,,
26.36,1026.370365,,,
26.38,1026.370465,,,
26.4,1026.375306,,,
26.42,1026.402045,,,
26.44,1026.415098,,,
26.46,1026.475583,,,
26.48,1026.475683,,,
26.5,1026.503559,,,
26.52,1026.518791,,,
26.54,1026.562232,,,
26.56,1026.562332,,,
26.58,1026.562432,,,
26.6,1026.586542,,,
26.62,1026.602539,,,
26.64,1026.618805,,,
26.66,1026.633345,,,
26.68,1026.673328,,,
26.7,1026.679657,,,
26.72,1026.735146,,,
26.74,1026.735246,,,
26.76,1026.735887,,,
26.78,1026.786972,,,
26.8,1026.800763,,,
26.82,1026.811148,,,
26.84,1026.83944,,,
26.86,1026.83954,,,
26.88,1026.868761,,,
26.9,1026.873266,,,
26.92,1026.895783,,,
26.94,1026.957209,,,
26.96,1026.957309,,,
26.98,1026.997483,,,
27,1026.997583,,,
27.02,1026.997683,,,
27.04,1027.013326,,,
27.06,1027.034014,,,
27.08,1027.075504,,,
27.1,1027.08893,,,
27.12,1027.092898,,,
27.14,1027.116103,,,
27.16,1027.148962,,,
27.18,1027.182575,,,
27.2,1027.182675,,,
27.22,1027.218336,,,
27.24,1027.231233,,,
27.26,1027.26709,,,
27.28,1027.278566,,,
27.3,1027.278666,,,
27.32,1027.293468,,,
27.34,1027.327427,,,
27.36,1027.336308,,,
27.38,1027.37696,,,
27.4,1027.384848,,,
27.42,1027.394005,,,
27.44,1027.446892,,,
27.46,1027.446992,,,
27.48,1027.467798,,,
27.5,1027.476075,,,
27.52,1027.5297,,,
27.54,1027.557731,,,
27.56,1027.557831,,,
27.58,1027.569446,,,
27.6,1027.589969,,,
27.62,1027.59368,,,
27.64,1027.641634,,,
27.66,1027.657072,,,
27.68,1027.698065,,,
27.7,1027.698165,,,
27.72,1027.718735,,,
27.74,1027.718835,,,
27.76,1027.765718,,,
27.78,1027.765818,,,
27.8,1027.797218,,,
27.82,1027.798749,,,
27.84,1027.814094,,,
27.86,1027.852066,,,
27.88,1027.897106,,,
27.9,1027.897206,,,
27.92,1027.906871,,,
27.94,1027.959508,,,
27.96,1027.959608,,,
27.98,1027.963379,,,
28,1027.972064,,,
28.02,1027.996402,,,
28.04,1028.017239,,,
28.06,1028.067234,,,
28.08,1028.067334,,,
28.1,1028.072761,,,
28.12,1028.091914,,,
28.14,1028.133725,,,
28.16,1028.153903,,,
28.18,1028.171522,,,
28.2,1028.177544,,,
28.22,1028.218826,,,
28.24,1028.224362,,,
28.26,1028.240873,,,
28.28,1028.252117,,,
28.3,1028.317215,,,
28.32,1028.317315,,,
28.34,1028.317415,,,
28.36,1028.343754,,,
28.38,1028.394578,,,
28.4,1028.421384,,,
28.42,1028.421484,,,
28.44,1028.421584,,,
28.46,1028.436459,,,
28.48,1028.485323,,,
28.5,1028.485423,,,
28.52,1028.538707,,,
28.54,1028.549418,,,
28.56,1028.578731,,,
28.58,1028.599663,,,
28.6,1028.599763,,,
28.62,1028.599863,,,
28.64,1028.613382,,,
28.66,1028.661762,,,
28.68,1028.678689,,,
28.7,1028.686064,,,
28.72,1028.691517,,,
28.74,1028.711287,,,
28.76,1028.762797,,,
28.78,1028.764842,,,
28.8,1028.808804,,,
28.82,1028.811064,,,
28.84,1028.81819,,,
28.86,1028.871237,,,
28.88,1028.871337,,,
28.9,1028.874697,,,
28.92,1028.891947,,,
28.94,1028.922762,,,
28.96,1028.934667,,,
28.98,1028.982469,,,
29,1028.982569,,,
29.02,1028.996525,,,
29.04,1029.027301,,,
29.06,1029.031039,,,
29.08,1029.075245,,,
29.1,1029.093817,,,
29.12,1029.120534,,,
29.14,1029.13582,,,
29.16,1029.13592,,,
29.18,1029.152173,,,
29.2,1029.178631,,,
29.22,1029.198472,,,
29.24,1029.215856,,,
29.26,1029.23204,,,
29.28,1029.273885,,,
29.3,1029.299856,,,
29.32,1029.299956,,,
29.34,1029.354097,,,
29.36,1029.354197,,,
29.38,1029.37597,,,
29.4,1029.37607,,,
29.42,1029.41793,,,
29.44,1029.41803,,,
29.46,1029.479165,,,
29.48,1029.479265,,,
29.5,1029.479365,,,
29.52,1029.52768,,,
29.54,1029.52778,,,
29.56,1029.579797,,,
29.58,1029.579897,,,
29.6,1029.579997,,,
29.62,1029.593187,,,
29.64,1029.631146,,,
29.66,1029.643535,,,
29.68,1029.689214,,,
29.7,1029.689314,,,
29.72,1029.730964,,,
29.74,1029.731064,,,
29.76,1029.771505,,,
29.78,1029.771605,,,
29.8,1029.778464,,,
29.82,1029.801159,,,
29.84,1029.844491,,,
29.86,1029.84677,,,
29.88,1029.876286,,,
29.9,1029.894097,,,
29.92,1029.937758,,,
29.94,1029.937858,,,
29.96,1029.955663,,,
29.98,1029.957044,,,
30,1029.972986,,,
30.02,1030.005123,,,
30.04,1030.016175,,,
30.06,1030.034078,,,
30.08,1030.062438,,,
30.1,1030.07778,,,
30.12,1030.137153,,,
30.14,1030.144847,,,
30.16,1030.144947,,,
30.18,1030.189174,,,
30.2,1030.189274,,,
30.22,1030.191352,,,
30.24,1030.211458,,,
30.26,1030.229876,,,
30.28,1030.25022,,,
30.3,1030.271954,,,
30.32,1030.289927,,,
30.34,1030.309781,,,
30.36,1030.336318,,,
30.38,1030.369194,,,
30.4,1030.375579,,,
30.42,1030.433236,,,
30.44,1030.433336,,,
30.46,1030.474773,,,
30.48,1030.474873,,,
30.5,1030.474973,,,
30.52,1030.491369,,,
30.54,1030.530925,,,
30.56,1030.548968,,,
30.58,1030.590672,,,
30.6,1030.590772,,,
30.62,1030.59702,,,
30.64,1030.63003,,,
30.66,1030.65506,,,
30.68,1030.660595,,,
30.7,1030.684875,,,
30.72,1030.689449,,,
30.74,1030.73451,,,
30.76,1030.753301,,,
30.78,1030.794884,,,
30.8,1030.794984,,,
30.82,1030.835774,,,
30.84,1030.835874,,,
30.86,1030.840864,,,
30.88,1030.858256,,,
30.9,1030.874429,,,
30.92,1030.901797,,,
30.94,1030.909196,,,
30.96,1030.937325,,,
30.98,1030.961371,,,
31,1030.981243,,,
31.02,1031.011554,,,
31.04,1031.011654,,,
31.06,1031.074805,,,
31.08,1031.074905,,,
31.1,1031.117059,,,
31.12,1031.125137,,,
31.14,1031.125237,,,
31.16,1031.163856,,,
31.18,1031.192324,,,
31.2,1031.192424,,,
31.22,1031.197489,,,
31.24,1031.222578,,,
31.26,1031.254029,,,
31.28,1031.259694,,,
31.3,1031.298735,,,
31.32,1031.298835,,,
31.34,1031.32922,,,
31.36,1031.370292,,,
31.38,1031.379545,,,
31.4,1031.379645,,,
31.42,1031.405041,,,
31.44,1031.419285,,,
31.46,1031.433571,,,
31.48,1031.474141,,,
31.5,1031.518272,,,
31.52,1031.518372,,,
31.54,1031.518472,,,
31.56,1031.536366,,,
31.58,1031.558694,,,
31.6,1031.612135,,,
31.62,1031.612235,,,
31.64,1031.612335,,,
31.66,1031.629521,,,
31.68,1031.648732,,,
31.7,1031.70933,,,
31.72,1031.715865,,,
31.74,1031.715965,,,
31.76,1031.733379,,,
31.78,1031.751405,,,
31.8,1031.76836,,,
31.82,1031.79422,,,
31.84,1031.829323,,,
31.86,1031.830099,,,
31.88,1031.859049,,,
31.9,1031.886105,,,
31.92,1031.914995,,,
31.94,1031.920028,,,
31.96,1031.928647,,,
31.98,1031.960282,,,
32,1031.981261,,,
32.02,1032.025427,,,
32.04,1032.025527,,,
32.06,1032.030441,,,
32.08,1032.047957,,,
32.1,1032.075253,,,
32.12,1032.104472,,,
32.14,1032.108491,,,
32.16,1032.158804,,,
32.18,1032.163773,,,
32.2,1032.173963,,,
32.22,1032.205697,,,
32.24,1032.228876,,,
32.26,1032.254112,,,
32.28,1032.262448,,,
32.3,1032.31233,,,
32.32,1032.31243,,,
32.34,1032.336533,,,
32.36,1032.346579,,,
32.38,1032.35846,,,
32.4,1032.384121,,,
32.42,1032.416165,,,
32.44,1032.43457,,,
32.46,1032.435199,,,
32.48,1032.447843,,,
32.5,1032.481919,,,
32.52,1032.497774,,,
32.54,1032.529618,,,
32.56,1032.529718,,,
32.58,1032.551191,,,
32.6,1032.568476,,,
32.62,1032.601539,,,
32.64,1032.632455,,,
32.66,1032.642782,,,
32.68,1032.650326,,,
32.7,1032.668883,,,
32.72,1032.7218,,,
32.74,1032.7219,,,
32.76,1032.743636,,,
32.78,1032.764139,,,
32.8,1032.776691,,,
32.82,1032.787352,,,
32.84,1032.837372,,,
32.86,1032.837472,,,
32.88,1032.84923,,,
32.9,1032.907255,,,
32.92,1032.925251,,,
32.94,1032.928232,,,
32.96,1032.92925,,,
32.98,1032.948193,,,
33,1033.007251,,,
33.02,1033.007351,,,
33.04,1033.033206,,,
33.06,1033.033306,,,
33.08,1033.073709,,,
33.1,1033.075973,,,
33.12,1033.106081,,,
33.14,1033.152796,,,
33.16,1033.152896,,,
33.18,1033.154267,,,
33.2,1033.196246,,,
33.22,1033.196346,,,
33.24,1033.2507,,,
33.26,1033.2508,,,
33.28,1033.258519,,,
33.3,1033.280933,,,
33.32,1033.291917,,,
33.34,1033.308521,,,
33.36,1033.338028,,,
33.38,1033.354123,,,
33.4,1033.410948,,,
33.42,1033.430143,,,
33.44,1033.430243,,,
33.46,1033.454765,,,
33.48,1033.454865,,,
33.5,1033.469952,,,
33.52,1033.490391,,,
33.54,1033.510953,,,
33.56,1033.532531,,,
33.58,1033.558513,,,
33.6,1033.598946,,,
33.62,1033.603424,,,
33.64,1033.632806,,,
33.66,1033.667312,,,
33.68,1033.667412,,,
33.7,1033.667512,,,
33.72,1033.686793,,,
33.74,1033.717885,,,
33.76,1033.73021,,,
33.78,1033.774943,,,
33.8,1033.775043,,,
33.82,1033.833783,,,
33.84,1033.833883,,,
33.86,1033.836931,,,
33.88,1033.856742,,,
33.9,1033.903388,,,
33.92,1033.903488,,,
33.94,1033.906975,,,
33.96,1033.941607,,,
33.98,1033.97632,,,
34,1033.97642,,,
34.02,1033.988921,,,
34.04,1034.02661,,,
34.06,1034.075448,,,
34.08,1034.075548,,,
34.1,1034.075648,,,
34.12,1034.100825,,,
34.14,1034.147487,,,
34.16,1034.151801,,,
34.18,1034.183471,,,
34.2,1034.196666,,,
34.22,1034.196766,,,
34.24,1034.207676,,,
34.26,1034.23707,,,
34.28,1034.282989,,,
34.3,1034.283089,,,
34.32,1034.285738,,,
34.34,1034.306174,,,
34.36,1034.328237,,,
34.38,1034.350733,,,
34.4,1034.368863,,,
34.42,1034.396627,,,
34.44,1034.426403,,,
34.46,1034.4593,,,
34.48,1034.479104,,,
34.5,1034.505067,,,
34.52,1034.505167,,,
34.54,1034.546678,,,
34.56,1034.546778,,,
34.58,1034.549313,,,
34.6,1034.566472,,,
34.62,1034.618243,,,
34.64,1034.618343,,,
34.66,1034.669187,,,
34.68,1034.669287,,,
34.7,1034.678972,,,
34.72,1034.68528,,,
34.74,1034.706149,,,
34.76,1034.747297,,,
34.78,1034.754891,,,
34.8,1034.775554,,,
34.82,1034.791209,,,
34.84,1034.850838,,,
34.86,1034.850938,,,
34.88,1034.851038,,,
34.9,1034.908005,,,
34.92,1034.908105,,,
34.94,1034.908205,,,
34.96,1034.971512,,,
34.98,1034.971612,,,
35,1034.973888,,,
35.02,1034.987454,,,
35.04,1035.006325,,,
35.06,1035.053452,,,
35.08,1035.074646,,,
35.1,1035.074746,,,
35.12,1035.094551,,,
35.14,1035.105038,,,
35.16,1035.15083,,,
35.18,1035.15093,,,
35.2,1035.208404,,,
35.22,1035.208504,,,
35.24,1035.208604,,,
35.26,1035.265853,,,
35.28,1035.265953,,,
35.3,1035.31058,,,
35.32,1035.31068,,,
35.34,1035.313014,,,
35.36,1035.330633,,,
35.38,1035.36323,,,
35.4,1035.375408,,,
35.42,1035.384782,,,
35.44,1035.429933,,,
35.46,1035.432889,,,
35.48,1035.456082,,,
35.5,1035.467829,,,
35.52,1035.489979,,,
35.54,1035.526907,,,
35.56,1035.527007,,,
35.58,1035.550866,,,
35.6,1035.611563,,,
35.62,1035.611663,,,
35.64,1035.628319,,,
35.66,1035.654684,,,
35.68,1035.682413,,,
35.7,1035.711796,,,
35.72,1035.725932,,,
35.74,1035.751117,,,
35.76,1035.769517,,,
35.78,1035.769617,,,
35.8,1035.77345,,,
35.82,1035.83197,,,
35.84,1035.83207,,,
35.86,1035.849043,,,
35.88,1035.853355,,,
35.9,1035.864102,,,
35.92,1035.919825,,,
35.94,1035.919925,,,
35.96,1035.960354,,,
35.98,1035.960454,,,
36,1035.967386,,,
36.02,1035.986329,,,
36.04,1036.039462,,,
36.06,1036.039562,,,
36.08,1036.063654,,,
36.1,1036.074783,,,
36.12,1036.100131,,,
36.14,1036.122852,,,
36.16,1036.126345,,,
36.18,1036.144082,,,
36.2,1036.182181,,,
36.22,1036.220241,,,
36.24,1036.23893,,,
36.26,1036.254604,,,
36.28,1036.260409,,,
36.3,1036.298249,,,
36.32,1036.298349,,,
36.34,1036.314565,,,
36.36,1036.355094,,,
36.38,1036.355194,,,
36.4,1036.370045,,,
36.42,1036.420494,,,
36.44,1036.427132,,,
36.46,1036.430713,,,
36.48,1036.49075,,,
36.5,1036.498997,,,
36.52,1036.506346,,,
36.54,1036.507853,,,
36.56,1036.524625,,,
36.58,1036.565731,,,
36.6,1036.612282,,,
36.62,1036.624713,,,
36.64,1036.624813,,,
36.66,1036.624913,,,
36.68,1036.665981,,,
36.7,1036.667645,,,
36.72,1036.704722,,,
36.74,1036.736994,,,
36.76,1036.755358,,,
36.78,1036.755458,,,
36.8,1036.766053,,,
36.82,1036.796783,,,
36.84,1036.806723,,,
36.86,1036.860096,,,
36.88,1036.870229,,,
36.9,1036.881759,,,
36.92,1036.925729,,,
36.94,1036.925829,,,
36.96,1036.925929,,,
36.98,1036.956614,,,
37,1036.963002,,,
37.02,1036.988534,,,
37.04,1037.009873,,,
37.06,1037.04363,,,
37.08,1037.074364,,,
37.1,1037.074464,,,
37.12,1037.09667,,,
37.14,1037.106239,,,
37.16,1037.144123,,,
37.18,1037.144223,,,
37.2,1037.202093,,,
37.22,1037.202193,,,
37.24,1037.238057,,,
37.26,1037.238157,,,
37.28,1037.265458,,,
37.3,1037.303093,,,
37.32,1037.305241,,,
37.34,1037.349639,,,
37.36,1037.349739,,,
37.38,1037.351667,,,
37.4,1037.394985,,,
37.42,1037.398201,,,
37.44,1037.441971,,,
37.46,1037.442071,,,
37.48,1037.465849,,,
37.5,1037.476123,,,
37.52,1037.482769,,,
37.54,1037.525698,,,
37.56,1037.556532,,,
37.58,1037.556632,,,
37.6,1037.600267,,,
37.62,1037.617216,,,
37.64,1037.620323,,,
37.66,1037.630877,,,
37.68,1037.681072,,,
37.7,1037.681172,,,
37.72,1037.683938,,,
37.74,1037.717902,,,
37.76,1037.759604,,,
37.78,1037.762625,,,
37.8,1037.764014,,,
37.82,1037.804921,,,
37.84,1037.811368,,,
37.86,1037.827074,,,
37.88,1037.873351,,,
37.9,1037.908808,,,
37.92,1037.908908,,,
37.94,1037.909008,,,
37.96,1037.93088,,,
37.98,1037.942738,,,
38,1037.967612,,,
38.02,1037.987987,,,
38.04,1038.010696,,,
38.06,1038.030653,,,
38.08,1038.066356,,,
38.1,1038.072923,,,
38.12,1038.081898,,,
38.14,1038.121683,,,
38.16,1038.12474,,,
38.18,1038.143802,,,
38.2,1038.170194,,,
38.22,1038.184747,,,
38.24,1038.213745,,,
38.26,1038.270538,,,
38.28,1038.284088,,,
38.3,1038.284188,,,
38.32,1038.315133,,,
38.34,1038.315233,,,
38.36,1038.340016,,,
38.38,1038.348754,,,
38.4,1038.363131,,,
38.42,1038.405679,,,
38.44,1038.428287,,,
38.46,1038.428387,,,
38.48,1038.460025,,,
38.5,1038.470685,,,
38.52,1038.482216,,,
38.54,1038.52071,,,
38.56,1038.524824,,,
38.58,1038.554651,,,
38.6,1038.574628,,,
38.62,1038.615957,,,
38.64,1038.616057,,,
38.66,1038.633366,,,
38.68,1038.641575,,,
38.7,1038.671783,,,
38.72,1038.691347,,,
38.74,1038.718431,,,
38.76,1038.745179,,,
38.78,1038.784199,,,
38.8,1038.784299,,,
38.82,1038.785304,,,
38.84,1038.803079,,,
38.86,1038.839227,,,
38.88,1038.846389,,,
38.9,1038.863513,,,
38.92,1038.899939,,,
38.94,1038.901811,,,
38.96,1038.928254,,,
38.98,1038.970039,,,
39,1038.970139,,,
39.02,1038.984359,,,
39.04,1039.023873,,,
39.06,1039.024791,,,
39.08,1039.078538,,,
39.1,1039.078638,,,
39.12,1039.092267,,,
39.14,1039.104625,,,
39.16,1039.150941,,,
39.18,1039.151041,,,
39.2,1039.161806,,,
39.22,1039.190171,,,
39.24,1039.211274,,,
39.26,1039.241591,,,
39.28,1039.263127,,,
39.3,1039.263227,,,
39.32,1039.295366,,,
39.34,1039.304133,,,
39.36,1039.320884,,,
39.38,1039.340791,,,
39.4,1039.409656,,,
39.42,1039.409756,,,
39.44,1039.418112,,,
39.46,1039.438753,,,
39.48,1039.44258,,,
39.5,1039.474122,,,
39.52,1039.482566,,,
39.54,1039.500778,,,
39.56,1039.520499,,,
39.58,1039.563971,,,
39.6,1039.596974,,,
39.62,1039.624689,,,
39.64,1039.624789,,,
39.66,1039.628885,,,
39.68,1039.642377,,,
39.7,1039.708247,,,
39.72,1039.708347,,,
39.74,1039.712808,,,
39.76,1039.720286,,,
39.78,1039.76304,,,
39.8,1039.792949,,,
39.82,1039.796345,,,
39.84,1039.844764,,,
39.86,1039.86095,,,
39.88,1039.86105,,,
39.9,1039.897637,,,
39.92,1039.897737,,,
39.94,1039.900899,,,
39.96,1039.920728,,,
39.98,1039.959698,,,
40,1039.966698,,,
40.02,1039.988873,,,
40.04,1040.013044,,,
40.06,1040.022416,,,
40.08,1040.051293,,,
40.1,1040.078458,,,
40.12,1040.109919,,,
40.14,1040.135827,,,
40.16,1040.161706,,,
40.18,1040.161806,,,
40.2,1040.165033,,,
40.22,1040.224818,,,
40.24,1040.224918,,,
40.26,1040.225018,,,
40.28,1040.267092,,,
40.3,1040.286113,,,
40.32,1040.310411,,,
40.34,1040.310511,,,
40.36,1040.329511,,,
40.38,1040.385316,,,
40.4,1040.385416,,,
40.42,1040.400383,,,
40.44,1040.404971,,,
40.46,1040.438155,,,
40.48,1040.464113,,,
40.5,1040.478833,,,
40.52,1040.516201,,,
40.54,1040.516301,,,
40.56,1040.520386,,,
40.58,1040.567198,,,
40.6,1040.572323,,,
40.62,1040.618474,,,
40.64,1040.618574,,,
40.66,1040.635726,,,
40.68,1040.641337,,,
40.7,1040.663796,,,
40.72,1040.679952,,,
40.74,1040.71946,,,
40.76,1040.751872,,,
40.78,1040.751972,,,
40.8,1040.78575,,,
40.82,1040.815139,,,
40.84,1040.815239,,,
40.86,1040.850739,,,
40.88,1040.854723,,,
40.9,1040.878767,,,
40.92,1040.882684,,,
40.94,1040.923777,,,
40.96,1040.925466,,,
40.98,1040.96381,,,
41,1040.965363,,,
41.02,1041.018599,,,
41.04,1041.018699,,,
41.06,1041.065489,,,
41.08,1041.065589,,,
41.1,1041.091274,,,
41.12,1041.096288,,,
41.14,1041.114607,,,
41.16,1041.133282,,,
41.18,1041.182202,,,
41.2,1041.201706,,,
41.22,1041.201806,,,
41.24,1041.216747,,,
41.26,1041.218759,,,
41.28,1041.273703,,,
41.3,1041.273803,,,
41.32,1041.278689,,,
41.34,1041.326192,,,
41.36,1041.361826,,,
41.38,1041.361926,,,
41.4,1041.379926,,,
41.42,1041.398786,,,
41.44,1041.434298,,,
41.46,1041.434398,,,
41.48,1041.476211,,,
41.5,1041.493452,,,
41.52,1041.493552,,,
41.54,1041.49848,,,
41.56,1041.526148,,,
41.58,1041.560938,,,
41.6,1041.561038,,,
41.62,1041.594733,,,
41.64,1041.606113,,,
41.66,1041.626525,,,
41.68,1041.643757,,,
41.7,1041.661128,,,
41.72,1041.67985,,,
41.74,1041.720512,,,
41.76,1041.740619,,,
41.78,1041.741157,,,
41.8,1041.807564,,,
41.82,1041.809273,,,
41.84,1041.809373,,,
41.86,1041.820037,,,
41.88,1041.845531,,,
41.9,1041.871293,,,
41.92,1041.878082,,,
41.94,1041.898366,,,
41.96,1041.967678,,,
41.98,1041.967778,,,
42,1041.990477,,,
42.02,1041.990577,,,
42.04,1042.000517,,,
42.06,1042.049053,,,
42.08,1042.049153,,,
42.1,1042.060396,,,
42.12,1042.081763,,,
42.14,1042.107737,,,
42.16,1042.150066,,,
42.18,1042.152434,,,
42.2,1042.193903,,,
42.22,1042.194003,,,
42.24,1042.200492,,,
42.26,1042.251067,,,
42.28,1042.251167,,,
42.3,1042.274371,,,
42.32,1042.317279,,,
42.34,1042.317379,,,
42.36,1042.335491,,,
42.38,1042.359122,,,
42.4,1042.387572,,,
42.42,1042.388229,,,
42.44,1042.413508,,,
42.46,1042.428964,,,
42.48,1042.450974,,,
42.5,1042.459307,,,
42.52,1042.522748,,,
42.54,1042.522848,,,
42.56,1042.539435,,,
42.58,1042.544797,,,
42.6,1042.57917,,,
42.62,1042.61114,,,
42.64,1042.63886,,,
42.66,1042.650142,,,
42.68,1042.657879,,,
42.7,1042.660751,,,
42.72,1042.677996,,,
42.74,1042.697779,,,
42.76,1042.719674,,,
42.78,1042.762509,,,
42.8,1042.767872,,,
42.82,1042.792035,,,
42.84,1042.812941,,,
42.86,1042.839129,,,
42.88,1042.880798,,,
42.9,1042.882603,,,
42.92,1042.896467,,,
42.94,1042.899247,,,
42.96,1042.921145,,,
42.98,1042.963774,,,
43,1042.972983,,,
43.02,1042.979158,,,
43.04,1042.99696,,,
43.06,1043.060491,,,
43.08,1043.060591,,,
43.1,1043.075509,,,
43.12,1043.078347,,,
43.14,1043.12838,,,
43.16,1043.12848,,,
43.18,1043.13814,,,
43.2,1043.157436,,,
43.22,1043.18725,,,
43.24,1043.211418,,,
43.26,1043.221822,,,
43.28,1043.237301,,,
43.3,1043.256902,,,
43.32,1043.277031,,,
43.34,1043.302151,,,
43.36,1043.352156,,,
43.38,1043.352256,,,
43.4,1043.400979,,,
43.42,1043.401079,,,
43.44,1043.413392,,,
43.46,1043.450204,,,
43.48,1043.482045,,,
43.5,1043.482145,,,
43.52,1043.505014,,,
43.54,1043.530573,,,
43.56,1043.546752,,,
43.58,1043.546852,,,
43.6,1043.564782,,,
43.62,1043.597054,,,
43.64,1043.616158,,,
43.66,1043.657495,,,
43.68,1043.657595,,,
43.7,1043.693694,,,
43.72,1043.693794,,,
43.74,1043.712841,,,
43.76,1043.72503,,,
43.78,1043.769399,,,
43.8,1043.778882,,,
43.82,1043.77963,,,
43.84,1043.796792,,,
43.86,1043.816368,,,
43.88,1043.878654,,,
43.9,1043.878754,,,
43.92,1043.9153,,,
43.94,1043.9154,,,
43.96,1043.940189,,,
43.98,1043.940289,,,
44,1043.957977,,,
44.02,1044.00442,,,
44.04,1044.034998,,,
44.06,1044.061566,,,
44.08,1044.062807,,,
44.1,1044.09177,,,
44.12,1044.09187,,,
44.14,1044.131313,,,
44.16,1044.131413,,,
44.18,1044.147402,,,
44.2,1044.171164,,,
44.22,1044.210501,,,
44.24,1044.210601,,,
44.26,1044.218819,,,
44.28,1044.242876,,,
44.3,1044.256614,,,
44.32,1044.279315,,,
44.34,1044.295767,,,
44.36,1044.331278,,,
44.38,1044.347743,,,
44.4,1044.358767,,,
44.42,1044.385104,,,
44.44,1044.396175,,,
44.46,1044.422204,,,
44.48,1044.454684,,,
44.5,1044.489776,,,
44.52,1044.49404,,,
44.54,1044.531383,,,
44.56,1044.555886,,,
44.58,1044.575507,,,
44.6,1044.575607,,,
44.62,1044.613213,,,
44.64,1044.613313,,,
44.66,1044.638436,,,
44.68,1044.638536,,,
44.7,1044.656721,,,
44.72,1044.676185,,,
44.74,1044.705038,,,
44.76,1044.764561,,,
44.78,1044.764661,,,
44.8,1044.764761,,,
44.82,1044.796229,,,
44.84,1044.799446,,,
44.86,1044.81514,,,
44.88,1044.841182,,,
44.9,1044.857509,,,
44.92,1044.90635,,,
44.94,1044.90645,,,
44.96,1044.92489,,,
44.98,1044.947282,,,
45,1044.976059,,,
45.02,1044.976159,,,
45.04,1045.00448,,,
45.06,1045.016827,,,
45.08,1045.047404,,,
45.1,1045.055258,,,
45.12,1045.090669,,,
45.14,1045.110269,,,
45.16,1045.120591,,,
45.18,1045.16974,,,
45.2,1045.189927,,,
45.22,1045.190027,,,
45.24,1045.22558,,,
45.26,1045.22568,,,
45.28,1045.263878,,,
45.3,1045.292211,,,
45.32,1045.317817,,,
45.34,1045.325662,,,
45.36,1045.334749,,,
45.38,1045.380034,,,
45.4,1045.383828,,,
45.42,1045.385939,,,
45.44,1045.398596,,,
45.46,1045.422883,,,
45.48,1045.434566,,,
45.5,1045.485198,,,
45.52,1045.485298,,,
45.54,1045.503227,,,
45.56,1045.518704,,,
45.58,1045.55052,,,
45.6,1045.555868,,,
45.62,1045.580717,,,
45.64,1045.603448,,,
45.66,1045.614559,,,
45.68,1045.65082,,,
45.7,1045.689141,,,
45.72,1045.689241,,,
45.74,1045.69478,,,
45.76,1045.733241,,,
45.78,1045.757712,,,
45.8,1045.758031,,,
45.82,1045.776732,,,
45.84,1045.827469,,,
45.86,1045.827569,,,
45.88,1045.842073,,,
45.9,1045.868018,,,
45.92,1045.917997,,,
45.94,1045.929868,,,
45.96,1045.942772,,,
45.98,1045.942872,,,
46,1045.956229,,,
46.02,1045.978104,,,
46.04,1046.016346,,,
46.06,1046.016446,,,
46.08,1046.052515,,,
46.1,1046.070899,,,
46.12,1046.074755,,,
46.14,1046.093909,,,
46.16,1046.130335,,,
46.18,1046.137857,,,
46.2,1046.170055,,,
46.22,1046.18572,,,
46.24,1046.236431,,,
46.26,1046.236531,,,
46.28,1046.236631,,,
46.3,1046.2537,,,
46.32,1046.274119,,,
46.34,1046.29651,,,
46.36,1046.320365,,,
46.38,1046.342242,,,
46.4,1046.384033,,,
46.42,1046.397397,,,
46.44,1046.42299,,,
46.46,1046.42309,,,
46.48,1046.443559,,,
46.5,1046.498087,,,
46.52,1046.498187,,,
46.54,1046.514398,,,
46.56,1046.55227,,,
46.58,1046.574174,,,
46.6,1046.586195,,,
46.62,1046.593914,,,
46.64,1046.609394,,,
46.66,1046.62337,,,
46.68,1046.633515,,,
46.7,1046.653721,,,
46.72,1046.695049,,,
46.74,1046.695149,,,
46.76,1046.750199,,,
46.78,1046.750299,,,
46.8,1046.762892,,,
46.82,1046.773447,,,
46.84,1046.80013,,,
46.86,1046.821477,,,
46.88,1046.864804,,,
46.9,1046.897249,,,
46.92,1046.905451,,,
46.94,1046.907191,,,
46.96,1046.929223,,,
46.98,1046.948658,,,
47,1046.995575,,,
47.02,1046.995675,,,
47.04,1046.995775,,,
47.06,1047.015589,,,
47.08,1047.062692,,,
47.1,1047.062792,,,
47.12,1047.114694,,,
47.14,1047.117411,,,
47.16,1047.117511,,,
47.18,1047.135874,,,
47.2,1047.153034,,,
47.22,1047.176969,,,
47.24,1047.195411,,,
47.26,1047.237794,,,
47.28,1047.270325,,,
47.3,1047.270425,,,
47.32,1047.304841,,,
47.34,1047.304941,,,
47.36,1047.353438,,,
47.38,1047.379978,,,
47.4,1047.380078,,,
47.42,1047.394818,,,
47.44,1047.394918,,,
47.46,1047.413061,,,
47.48,1047.438364,,,
47.5,1047.486483,,,
47.52,1047.486583,,,
47.54,1047.492479,,,
47.56,1047.522043,,,
47.58,1047.569927,,,
47.6,1047.570027,,,
47.62,1047.572946,,,
47.64,1047.607964,,,
47.66,1047.613274,,,
47.68,1047.63322,,,
47.7,1047.654489,,,
47.72,1047.689489,,,
47.74,1047.718178,,,
47.76,1047.730937,,,
47.78,1047.768112,,,
47.8,1047.771982,,,
47.82,1047.790123,,,
47.84,1047.796033,,,
47.86,1047.829531,,,
47.88,1047.864356,,,
47.9,1047.885478,,,
47.92,1047.902394,,,
47.94,1047.910043,,,
47.96,1047.930551,,,
47.98,1047.93272,,,
48,1048.001289,,,
48.02,1048.015762,,,
48.04,1048.015862,,,
48.06,1048.016951,,,
48.08,1048.071534,,,
48.1,1048.071634,,,
48.12,1048.092097,,,
48.14,1048.103466,,,
48.16,1048.112173,,,
48.18,1048.146954,,,
48.2,1048.160746,,,
48.22,1048.190113,,,
48.24,1048.207975,,,
48.26,1048.247487,,,
48.28,1048.247587,,,
48.3,1048.259542,,,
48.32,1048.303801,,,
48.34,1048.327619,,,
48.36,1048.327719,,,
48.38,1048.358716,,,
48.4,1048.375942,,,
48.42,1048.376042,,,
48.44,1048.43975,,,
48.46,1048.453602,,,
48.48,1048.473145,,,
48.5,1048.473245,,,
48.52,1048.473345,,,
48.54,1048.495541,,,
48.56,1048.559341,,,
48.58,1048.559441,,,
48.6,1048.559541,,,
48.62,1048.579687,,,
48.64,1048.640673,,,
48.66,1048.640773,,,
48.68,1048.640873,,,
48.7,1048.682913,,,
48.72,1048.695091,,,
48.74,1048.702526,,,
48.76,1048.714569,,,
48.78,1048.745867,,,
48.8,1048.793601,,,
48.82,1048.793701,,,
48.84,1048.816355,,,
48.86,1048.835259,,,
48.88,1048.839012,,,
48.9,1048.895553,,,
48.92,1048.895653,,,
48.94,1048.919074,,,
48.96,1048.919174,,,
48.98,1048.976792,,,
49,1048.976892,,,
49.02,1048.976992,,,
49.04,1048.995604,,,
49.06,1049.038341,,,
49.08,1049.043159,,,
49.1,1049.092583,,,
49.12,1049.092683,,,
49.14,1049.123395,,,
49.16,1049.123495,,,
49.18,1049.133806,,,
49.2,1049.175957,,,
49.22,1049.194309,,,
49.24,1049.194409,,,
49.26,1049.211942,,,
49.28,1049.237477,,,
49.3,1049.252456,,,
49.32,1049.288286,,,
49.34,1049.315479,,,
49.36,1049.315579,,,
49.38,1049.331092,,,
49.4,1049.351294,,,
49.42,1049.406614,,,
49.44,1049.435916,,,
49.46,1049.436016,,,
49.48,1049.442059,,,
49.5,1049.463572,,,
49.52,1049.514025,,,
49.54,1049.514356,,,
49.56,1049.537318,,,
49.58,1049.537418,,,
49.6,1049.561312,,,
49.62,1049.570499,,,
49.64,1049.592487,,,
49.66,1049.611522,,,
49.68,1049.664375,,,
49.7,1049.664475,,,
49.72,1049.703091,,,
49.74,1049.703191,,,
49.76,1049.754574,,,
49.78,1049.75622,,,
49.8,1049.781766,,,
49.82,1049.785755,,,
49.84,1049.803426,,,
49.86,1049.820896,,,
49.88,1049.832582,,,
49.9,1049.855712,,,
49.92,1049.916339,,,
49.94,1049.916439,,,
49.96,1049.920438,,,
49.98,1049.934896,,,
50,1049.961565,,,
50.02,1049.971721,,,
50.04,1050.025479,,,
50.06,1050.025579,,,
50.08,1050.030213,,,
50.1,1050.088041,,,
50.12,1050.088141,,,
50.14,1050.099741,,,
50.16,1050.110077,,,
50.18,1050.150468,,,
50.2,1050.184981,,,
50.22,1050.185081,,,
50.24,1050.214008,,,
50.26,1050.220159,,,
50.28,1050.255329,,,
50.3,1050.255429,,,
50.32,1050.277008,,,
50.34,1050.325791,,,
50.36,1050.352343,,,
50.38,1050.352443,,,
50.4,1050.362306,,,
50.42,1050.379011,,,
50.44,1050.403646,,,
50.46,1050.441368,,,
50.48,1050.441468,,,
50.5,1050.478447,,,
50.52,1050.493851,,,
50.54,1050.535425,,,
50.56,1050.535525,,,
50.58,1050.535625,,,
50.6,1050.55782,,,
50.62,1050.569813,,,
50.64,1050.589368,,,
50.66,1050.631923,,,
50.68,1050.644115,,,
50.7,1050.68673,,,
50.72,1050.693213,,,
50.74,1050.693313,,,
50.76,1050.712588,,,
50.78,1050.778603,,,
50.8,1050.778703,,,
50.82,1050.79109,,,
50.84,1050.826079,,,
50.86,1050.837932,,,
50.88,1050.877317,,,
50.9,1050.87763,,,
50.92,1050.87773,,,
50.94,1050.889064,,,
50.96,1050.918628,,,
50.98,1050.929216,,,
51,1050.982298,,,
51.02,1051.015782,,,
51.04,1051.015882,,,
51.06,1051.015982,,,
51.08,1051.03066,,,
51.1,1051.066173,,,
51.12,1051.069806,,,
51.14,1051.131265,,,
51.16,1051.131365,,,
51.18,1051.157107,,,
51.2,1051.157207,,,
51.22,1051.180282,,,
51.24,1051.191121,,,
51.26,1051.228264,,,
51.28,1051.233114,,,
51.3,1051.249136,,,
51.32,1051.302904,,,
51.34,1051.303004,,,
51.36,1051.315191,,,
51.38,1051.372912,,,
51.4,1051.373012,,,
51.42,1051.382441,,,
51.44,1051.411195,,,
51.46,1051.416783,,,
51.48,1051.448129,,,
51.5,1051.450462,,,
51.52,1051.490912,,,
51.54,1051.500396,,,
51.56,1051.540667,,,
51.58,1051.557956,,,
51.6,1051.597083,,,
51.62,1051.597183,,,
51.64,1051.597283,,,
51.66,1051.616642,,,
51.68,1051.643598,,,
51.7,1051.652582,,,
51.72,1051.709183,,,
51.74,1051.709283,,,
51.76,1051.709383,,,
51.78,1051.730597,,,
51.8,1051.765437,,,
51.82,1051.776814,,,
51.84,1051.800554,,,
51.86,1051.808759,,,
51.88,1051.860233,,,
51.9,1051.869301,,,
51.92,1051.905224,,,
51.94,1051.905324,,,
51.96,1051.908054,,,
51.98,1051.944565,,,
52,1051.948532,,,
52.02,1051.995384,,,
52.04,1051.995484,,,
52.06,1052.008726,,,
52.08,1052.050587,,,
52.1,1052.068143,,,
52.12,1052.095242,,,
52.14,1052.099082,,,
52.16,1052.152861,,,
52.18,1052.172185,,,
52.2,1052.172285,,,
52.22,1052.172385,,,
52.24,1052.209289,,,
52.26,1052.253986,,,
52.28,1052.254086,,,
52.3,1052.258453,,,
52.32,1052.295421,,,
52.34,1052.295521,,,
52.36,1052.3496,,,
52.38,1052.3497,,,
52.4,1052.3498,,,
52.42,1052.400717,,,
52.44,1052.400817,,,
52.46,1052.437624,,,
52.48,1052.441073,,,
52.5,1052.451099,,,
52.52,1052.50524,,,
52.54,1052.50534,,,
52.56,1052.516192,,,
52.58,1052.530851,,,
52.6,1052.59624,,,
52.62,1052.59634,,,
52.64,1052.623401,,,
52.66,1052.623501,,,
52.68,1052.629241,,,
52.7,1052.665364,,,
52.72,1052.667339,,,
52.74,1052.698416,,,
52.76,1052.708576,,,
52.78,1052.763131,,,
52.8,1052.763231,,,
52.82,1052.768407,,,
52.84,1052.800398,,,
52.86,1052.807142,,,
52.88,1052.827155,,,
52.9,1052.848844,,,
52.92,1052.900879,,,
52.94,1052.900979,,,
52.96,1052.948068,,,
52.98,1052.974771,,,
53,1052.974871,,,
53.02,1052.975202,,,
53.04,1053.028934,,,
53.06,1053.029034,,,
53.08,1053.051774,,,
53.1,1053.082856,,,
53.12,1053.086241,,,
53.14,1053.094125,,,
53.16,1053.107046,,,
53.18,1053.13031,,,
53.2,1053.147118,,,
53.22,1053.196636,,,
53.24,1053.196736,,,
53.26,1053.209856,,,
53.28,1053.236529,,,
53.3,1053.283608,,,
53.32,1053.283708,,,
53.34,1053.288105,,,
53.36,1053.348925,,,
53.38,1053.349025,,,
53.4,1053.3522,,,
53.42,1053.379742,,,
53.44,1053.39125,,,
53.46,1053.410441,,,
53.48,1053.42795,,,
53.5,1053.453775,,,
53.52,1053.484815,,,
53.54,1053.532887,,,
53.56,1053.532987,,,
53.58,1053.533087,,,
53.6,1053.574871,,,
53.62,1053.574971,,,
53.64,1053.587684,,,
53.66,1053.647943,,,
53.68,1053.653603,,,
53.7,1053.670613,,,
53.72,1053.670713,,,
53.74,1053.689487,,,
53.76,1053.709814,,,
53.78,1053.748419,,,
53.8,1053.754829,,,
53.82,1053.766607,,,
53.84,1053.826284,,,
53.86,1053.826384,,,
53.88,1053.837816,,,
53.9,1053.855123,,,
53.92,1053.90414,,,
53.94,1053.90424,,,
53.96,1053.925864,,,
53.98,1053.926026,,,
54,1053.961635,,,
54.02,1053.972245,,,
54.04,1054.012938,,,
54.06,1054.041618,,,
54.08,1054.041718,,,
54.1,1054.046924,,,
54.12,1054.083449,,,
54.14,1054.103453,,,
54.16,1054.153277,,,
54.18,1054.173616,,,
54.2,1054.182416,,,
54.22,1054.189998,,,
54.24,1054.19784,,,
54.26,1054.210546,,,
54.28,1054.228943,,,
54.3,1054.275667,,,
54.32,1054.312368,,,
54.34,1054.312468,,,
54.36,1054.327437,,,
54.38,1054.327537,,,
54.4,1054.390456,,,
54.42,1054.390556,,,
54.44,1054.418877,,,
54.46,1054.423098,,,
54.48,1054.470479,,,
54.5,1054.478382,,,
54.52,1054.478482,,,
54.54,1054.510609,,,
54.56,1054.553622,,,
54.58,1054.553722,,,
54.6,1054.564731,,,
54.62,1054.568476,,,
54.64,1054.605424,,,
54.66,1054.609788,,,
54.68,1054.626986,,,
54.7,1054.66569,,,
54.72,1054.70795,,,
54.74,1054.70805,,,
54.76,1054.728836,,,
54.78,1054.741094,,,
54.8,1054.750148,,,
54.82,1054.802119,,,
54.84,1054.802219,,,
54.86,1054.808311,,,
54.88,1054.82797,,,
54.9,1054.877858,,,
54.92,1054.903365,,,
54.94,1054.9176,,,
54.96,1054.9177,,,
54.98,1054.926733,,,
55,1054.993014,,,
55.02,1054.993114,,,
55.04,1054.993875,,,
55.06,1055.004996,,,
55.08,1055.026091,,,
55.1,1055.051933,,,
55.12,1055.079758,,,
55.14,1055.106025,,,
55.16,1055.106125,,,
55.18,1055.162109,,,
55.2,1055.162209,,,
55.22,1055.206884,,,
55.24,1055.229576,,,
55.26,1055.239684,,,
55.28,1055.271884,,,
55.3,1055.271984,,,
55.32,1055.28488,,,
55.34,1055.317531,,,
55.36,1055.354413,,,
55.38,1055.354513,,,
55.4,1055.363284,,,
55.42,1055.376277,,,
55.44,1055.386451,,,
55.46,1055.419618,,,
55.48,1055.42531,,,
55.5,1055.444514,,,
55.52,1055.464557,,,
55.54,1055.49979,,,
55.56,1055.52997,,,
55.58,1055.532748,,,
55.6,1055.548105,,,
55.62,1055.593965,,,
55.64,1055.628611,,,
55.66,1055.628711,,,
55.68,1055.636109,,,
55.7,1055.649071,,,
55.72,1055.664741,,,
55.74,1055.729519,,,
55.76,1055.729619,,,
55.78,1055.729719,,,
55.8,1055.786271,,,
55.82,1055.796649,,,
55.84,1055.796749,,,
55.86,1055.812226,,,
55.88,1055.840585,,,
55.9,1055.844804,,,
55.92,1055.895456,,,
55.94,1055.895556,,,
55.96,1055.921182,,,
55.98,1055.947663,,,
56,1055.992423,,,
56.02,1056.012627,,,
56.04,1056.012727,,,
56.06,1056.012827,,,
56.08,1056.029065,,,
56.1,1056.043928,,,
56.12,1056.069306,,,
56.14,1056.085146,,,
56.16,1056.104052,,,
56.18,1056.144411,,,
56.2,1056.153758,,,
56.22,1056.202273,,,
56.24,1056.202373,,,
56.26,1056.219635,,,
56.28,1056.23107,,,
56.3,1056.283719,,,
56.32,1056.283819,,,
56.34,1056.316916,,,
56.36,1056.336443,,,
56.38,1056.359963,,,
56.4,1056.362467,,,
56.42,1056.402758,,,
56.44,1056.410303,,,
56.46,1056.410872,,,
56.48,1056.438906,,,
56.5,1056.463251,,,
56.52,1056.476781,,,
56.54,1056.489336,,,
56.56,1056.504101,,,
56.58,1056.538789,,,
56.6,1056.569967,,,
56.62,1056.602152,,,
56.64,1056.622047,,,
56.66,1056.622147,,,
56.68,1056.624022,,,
56.7,1056.665699,,,
56.72,1056.669736,,,
56.74,1056.698944,,,
56.76,1056.741808,,,
56.78,1056.741908,,,
56.8,1056.757885,,,
56.82,1056.803079,,,
56.84,1056.803179,,,
56.86,1056.82225,,,
56.88,1056.827368,,,
56.9,1056.84315,,,
56.92,1056.883476,,,
56.94,1056.929879,,,
56.96,1056.929979,,,
56.98,1056.963592,,,
57,1056.963692,,,
57.02,1056.970837,,,
57.04,1056.994458,,,
57.06,1057.027022,,,
57.08,1057.058044,,,
57.1,1057.058144,,,
57.12,1057.07428,,,
57.14,1057.082862,,,
57.16,1057.116635,,,
57.18,1057.123681,,,
57.2,1057.14409,,,
57.22,1057.16809,,,
57.24,1057.184632,,,
57.26,1057.241739,,,
57.28,1057.241839,,,
57.3,1057.270817,,,
57.32,1057.276054,,,
57.34,1057.325834,,,
57.36,1057.325934,,,
57.38,1057.330732,,,
57.4,1057.347569,,,
57.42,1057.362906,,,
57.44,1057.392676,,,
57.46,1057.435767,,,
57.48,1057.439554,,,
57.5,1057.47302,,,
57.52,1057.47312,,,
57.54,1057.492676,,,
57.56,1057.541185,,,
57.58,1057.543578,,,
57.6,1057.554928,,,
57.62,1057.570267,,,
57.64,1057.582432,,,
57.66,1057.608738,,,
57.68,1057.623533,,,
57.7,1057.667401,,,
57.72,1057.700144,,,
57.74,1057.712819,,,
57.76,1057.712919,,,
57.78,1057.727621,,,
57.8,1057.752738,,,
57.82,1057.808449,,,
57.84,1057.808549,,,
57.86,1057.846949,,,
57.88,1057.847049,,,
57.9,1057.877719,,,
57.92,1057.886631,,,
57.94,1057.905573,,,
57.96,1057.928011,,,
57.98,1057.936947,,,
58,1057.945749,,,
58.02,1057.974525,,,
58.04,1058.021892,,,
58.06,1058.021992,,,
58.08,1058.02851,,,
58.1,1058.047935,,,
58.12,1058.067377,,,
58.14,1058.0887,,,
58.16,1058.102061,,,
58.18,1058.157749,,,
58.2,1058.157849,,,
58.22,1058.161913,,,
58.24,1058.202541,,,
58.26,1058.202726,,,
58.28,1058.222941,,,
58.3,1058.281731,,,
58.32,1058.281831,,,
58.34,1058.316043,,,
58.36,1058.316143,,,
58.38,1058.326507,,,
58.4,1058.343136,,,
58.42,1058.371862,,,
58.44,1058.403651,,,
58.46,1058.404214,,,
58.48,1058.4532,,,
58.5,1058.462438,,,
58.52,1058.479823,,,
58.54,1058.483395,,,
58.56,1058.548259,,,
58.58,1058.550336,,,
58.6,1058.550436,,,
58.62,1058.578583,,,
58.64,1058.588938,,,
58.66,1058.601471,,,
58.68,1058.649347,,,
58.7,1058.667151,,,
58.72,1058.667251,,,
58.74,1058.702895,,,
58.76,1058.726818,,,
58.78,1058.726918,,,
58.8,1058.779014,,,
58.82,1058.779114,,,
58.84,1058.781408,,,
58.86,1058.807845,,,
58.88,1058.853682,,,
58.9,1058.854546,,,
58.92,1058.900062,,,
58.94,1058.916546,,,
58.96,1058.916646,,,
58.98,1058.945363,,,
59,1058.955945,,,
59.02,1058.983342,,,
59.04,1059.0295,,,
59.06,1059.0296,,,
59.08,1059.040764,,,
59.1,1059.07394,,,
59.12,1059.07404,,,
59.14,1059.103107,,,
59.16,1059.103207,,,
59.18,1059.135387,,,
59.2,1059.160219,,,
59.22,1059.164081,,,
59.24,1059.207529,,,
59.26,1059.225762,,,
59.28,1059.258344,,,
59.3,1059.261583,,,
59.32,1059.261683,,,
59.34,1059.283275,,,
59.36,1059.328025,,,
59.38,1059.332003,,,
59.4,1059.359795,,,
59.42,1059.360585,,,
59.44,1059.411869,,,
59.46,1059.438011,,,
59.48,1059.438111,,,
59.5,1059.445631,0.00752,,
59.52,1059.504255,0.058624,,
59.54,1059.504355,1E-04,,
59.56,1059.504455,1E-04,,
59.58,1059.548831,0.044376,,
59.6,1059.574152,0.025321,,
59.62,1059.575227,0.001075,,
59.64,1059.594251,0.019024,,
59.66,1059.636392,0.042141,,
59.68,1059.636492,0.0001,,
59.7,1059.687041,0.050549,,
59.72,1059.687141,0.0001,,
59.74,1059.707853,0.020712,,
59.76,1059.740018,0.032165,,
59.78,1059.741151,0.001133,,
59.8,1059.767438,0.026287,,0.02
59.82,1059.780188,0.01275,,0.02
59.84,1059.801134,0.020946,,0.02
59.86,1059.801234,1E-04,,0.02
59.88,1059.821833,0.020599,,0.02
59.9,1059.863869,0.042036,,0.02
59.92,1059.864608,0.000739,,0.02
59.94,1059.912213,0.047605,,0.02
59.96,1059.912313,1E-04,,0.02
59.98,1059.923122,0.010809,0.01940044,0.02
60,1059.968652,0.04553,1059.942522,1059.943122
