dataValidTime_sensor,dataReceiveTime_system,Estimated Time
0,1000,1000.02
0.02,1000.04,1000.05
0.04,1000.08,1000.1
0.06,1000.09,1000.11
0.08,1000.09,1000.11
0.1,1000.13,1000.15
0.12,1000.13,1000.15
0.14,1000.14,1000.16
0.16,1000.17,1000.19
0.18,1000.2,1000.22
0.2,1000.25,1000.27
0.22,1000.25,1000.27
0.24,1000.26,1000.28
0.26,1000.28,1000.3
0.28,1000.31,1000.33
0.3,1000.33,1000.35
0.32,1000.36,1000.38
0.34,1000.36,1000.38
0.36,1000.38,1000.4
0.38,1000.38,1000.4
0.4,1000.4,1000.42
0.42,1000.42,1000.44
0.44,1000.44,1000.46
0.46,1000.46,1000.48
0.48,1000.5,1000.52
0.5,1000.5,1000.52
0.52,1000.53,1000.55
0.54,1000.55,1000.57
0.56,1000.61,1000.63
0.58,1000.61,1000.63
0.6,1000.61,1000.63
0.62,1000.62,1000.64
0.64,1000.68,1000.7
0.66,1000.68,1000.7
0.68,1000.68,1000.7
0.7,1000.71,1000.73
0.72,1000.77,1000.79
0.74,1000.77,1000.79
0.76,1000.77,1000.79
0.78,1000.79,1000.81
0.8,1000.82,1000.84
0.82,1000.82,1000.84
0.84,1000.88,1000.9
0.86,1000.88,1000.9
0.88,1000.88,1000.9
0.9,1000.91,1000.93
0.92,1000.94,1000.96
0.94,1000.97,1000.99
0.96,1000.97,1000.99
0.98,1000.98,1001
1,1001.03,1001.05
1.02,1001.03,1001.05
1.04,1001.04,1001.06
1.06,1001.06,1001.08
1.08,1001.1,1001.11
1.1,1001.1,1001.12
1.12,1001.13,1001.15
1.14,1001.14,1001.16
1.16,1001.21,1001.23
1.18,1001.21,1001.23
1.2,1001.25,1001.27
1.22,1001.25,1001.27
1.24,1001.26,1001.28
1.26,1001.27,1001.29
1.28,1001.3,1001.32
1.3,1001.31,1001.33
1.32,1001.33,1001.35
1.34,1001.36,1001.38
1.36,1001.4,1001.42
1.38,1001.4,1001.42
1.4,1001.4,1001.42
1.42,1001.42,1001.44
1.44,1001.45,1001.47
1.46,1001.46,1001.48
1.48,1001.5,1001.52
1.5,1001.5,1001.52
1.52,1001.55,1001.57
1.54,1001.55,1001.57
1.56,1001.57,1001.59
1.58,1001.6,1001.62
1.6,1001.61,1001.63
1.62,1001.66,1001.68
1.64,1001.66,1001.68
1.66,1001.69,1001.71
1.68,1001.72,1001.74
1.7,1001.72,1001.74
1.72,1001.72,1001.74
1.74,1001.77,1001.79
1.76,1001.78,1001.8
1.78,1001.78,1001.8
1.8,1001.8,1001.82
1.82,1001.84,1001.86
1.84,1001.88,1001.9
1.86,1001.88,1001.9
1.88,1001.89,1001.91
1.9,1001.9,1001.92
1.92,1001.92,1001.94
1.94,1001.94,1001.96
1.96,1001.99,1002.01
1.98,1001.99,1002.01
2,1002.04,1002.06
2.02,1002.04,1002.06
2.04,1002.06,1002.08
2.06,1002.06,1002.08
2.08,1002.1,1002.12
2.1,1002.1,1002.12
2.12,1002.12,1002.14
2.14,1002.17,1002.19
2.16,1002.17,1002.19
2.18,1002.18,1002.2
2.2,1002.22,1002.24
2.22,1002.23,1002.25
2.24,1002.24,1002.26
2.26,1002.26,1002.28
2.28,1002.31,1002.33
2.3,1002.32,1002.34
2.32,1002.35,1002.37
2.34,1002.35,1002.37
2.36,1002.38,1002.4
2.38,1002.39,1002.41
2.4,1002.4,1002.42
2.42,1002.44,1002.46
2.44,1002.46,1002.48
2.46,1002.47,1002.49
2.48,1002.48,1002.5
2.5,1002.5,1002.52
2.52,1002.52,1002.54
2.54,1002.54,1002.56
2.56,1002.59,1002.61
2.58,1002.59,1002.61
2.6,1002.6,1002.62
2.62,1002.63,1002.65
2.64,1002.64,1002.66
2.66,1002.66,1002.68
2.68,1002.68,1002.7
2.7,1002.7,1002.72
2.72,1002.72,1002.74
2.74,1002.78,1002.8
2.76,1002.78,1002.8
2.78,1002.78,1002.8
2.8,1002.8,1002.82
2.82,1002.82,1002.84
2.84,1002.88,1002.9
2.86,1002.88,1002.9
2.88,1002.89,1002.91
2.9,1002.92,1002.94
2.92,1002.96,1002.98
2.94,1002.98,1003
2.96,1003,1003.02
2.98,1003,1003.02
3,1003.02,1003.04
3.02,1003.04,1003.06
3.04,1003.09,1003.11
3.06,1003.09,1003.11
3.08,1003.09,1003.11
3.1,1003.11,1003.13
3.12,1003.16,1003.18
3.14,1003.16,1003.18
3.16,1003.19,1003.21
3.18,1003.22,1003.24
3.2,1003.22,1003.24
3.22,1003.24,1003.26
3.24,1003.27,1003.29
3.26,1003.3,1003.32
3.28,1003.3,1003.32
3.3,1003.3,1003.32
3.32,1003.32,1003.34
3.34,1003.35,1003.37
3.36,1003.37,1003.39
3.38,1003.38,1003.4
3.4,1003.4,1003.42
3.42,1003.45,1003.47
3.44,1003.45,1003.47
3.46,1003.47,1003.49
3.48,1003.48,1003.5
3.5,1003.53,1003.55
3.52,1003.53,1003.55
3.54,1003.58,1003.6
3.56,1003.58,1003.6
3.58,1003.58,1003.6
3.6,1003.6,1003.62
3.62,1003.62,1003.64
3.64,1003.68,1003.7
3.66,1003.68,1003.7
3.68,1003.72,1003.74
3.7,1003.73,1003.75
3.72,1003.73,1003.75
3.74,1003.74,1003.76
3.76,1003.78,1003.8
3.78,1003.78,1003.8
3.8,1003.82,1003.84
3.82,1003.82,1003.84
3.84,1003.86,1003.88
3.86,1003.9,1003.92
3.88,1003.9,1003.92
3.9,1003.91,1003.93
3.92,1003.92,1003.94
3.94,1003.95,1003.97
3.96,1003.96,1003.98
3.98,1003.98,1004
4,1004,1004.02
4.02,1004.03,1004.05
4.04,1004.04,1004.06
4.06,1004.07,1004.09
4.08,1004.1,1004.12
4.1,1004.12,1004.14
4.12,1004.16,1004.18
4.14,1004.18,1004.2
4.16,1004.18,1004.2
4.18,1004.2,1004.22
4.2,1004.24,1004.26
4.22,1004.24,1004.26
4.24,1004.24,1004.26
4.26,1004.27,1004.29
4.28,1004.3,1004.32
4.3,1004.3,1004.32
4.32,1004.33,1004.35
4.34,1004.34,1004.36
4.36,1004.36,1004.38
4.38,1004.4,1004.42
4.4,1004.42,1004.44
4.42,1004.46,1004.48
4.44,1004.46,1004.48
4.46,1004.5,1004.52
4.48,1004.5,1004.52
4.5,1004.5,1004.52
4.52,1004.52,1004.54
4.54,1004.57,1004.59
4.56,1004.59,1004.61
4.58,1004.62,1004.64
4.6,1004.63,1004.65
4.62,1004.63,1004.65
4.64,1004.65,1004.67
4.66,1004.66,1004.68
4.68,1004.68,1004.7
4.7,1004.7,1004.72
4.72,1004.72,1004.74
4.74,1004.76,1004.78
4.76,1004.76,1004.78
4.78,1004.82,1004.84
4.8,1004.82,1004.84
4.82,1004.84,1004.86
4.84,1004.87,1004.89
4.86,1004.89,1004.91
4.88,1004.89,1004.91
4.9,1004.93,1004.95
4.92,1004.93,1004.95
4.94,1004.94,1004.96
4.96,1004.96,1004.98
4.98,1005.02,1005.04
5,1005.02,1005.04
5.02,1005.03,1005.05
5.04,1005.04,1005.06
5.06,1005.06,1005.07
5.08,1005.11,1005.13
5.1,1005.13,1005.15
5.12,1005.13,1005.15
5.14,1005.16,1005.18
5.16,1005.16,1005.18
5.18,1005.21,1005.23
5.2,1005.21,1005.23
5.22,1005.22,1005.24
5.24,1005.25,1005.27
5.26,1005.3,1005.32
5.28,1005.31,1005.33
5.3,1005.31,1005.33
5.32,1005.35,1005.37
5.34,1005.38,1005.4
5.36,1005.38,1005.4
5.38,1005.4,1005.42
5.4,1005.4,1005.42
5.42,1005.43,1005.45
5.44,1005.45,1005.47
5.46,1005.46,1005.48
5.48,1005.48,1005.5
5.5,1005.49,1005.51
5.52,1005.52,1005.54
5.54,1005.54,1005.56
5.56,1005.59,1005.61
5.58,1005.59,1005.61
5.6,1005.61,1005.63
5.62,1005.64,1005.66
5.64,1005.64,1005.66
5.66,1005.66,1005.68
5.68,1005.72,1005.74
5.7,1005.72,1005.74
5.72,1005.72,1005.74
5.74,1005.74,1005.76
5.76,1005.75,1005.77
5.78,1005.79,1005.81
5.8,1005.79,1005.81
5.82,1005.82,1005.84
5.84,1005.85,1005.87
5.86,1005.85,1005.87
5.88,1005.92,1005.94
5.9,1005.92,1005.94
5.92,1005.96,1005.98
5.94,1005.96,1005.98
5.96,1005.96,1005.98
5.98,1005.98,1006
6,1006,1006.02
6.02,1006.05,1006.07
6.04,1006.05,1006.07
6.06,1006.07,1006.09
6.08,1006.09,1006.11
6.1,1006.12,1006.14
6.12,1006.13,1006.15
6.14,1006.14,1006.16
6.16,1006.19,1006.21
6.18,1006.19,1006.21
6.2,1006.19,1006.21
6.22,1006.23,1006.25
6.24,1006.24,1006.26
6.26,1006.26,1006.28
6.28,1006.29,1006.31
6.3,1006.29,1006.31
6.32,1006.32,1006.34
6.34,1006.35,1006.37
6.36,1006.37,1006.39
6.38,1006.42,1006.44
6.4,1006.42,1006.44
6.42,1006.44,1006.46
6.44,1006.47,1006.49
6.46,1006.47,1006.49
6.48,1006.49,1006.51
6.5,1006.49,1006.51
6.52,1006.54,1006.56
6.54,1006.54,1006.56
6.56,1006.56,1006.58
6.58,1006.59,1006.61
6.6,1006.6,1006.62
6.62,1006.66,1006.68
6.64,1006.66,1006.68
6.66,1006.66,1006.68
6.68,1006.68,1006.7
6.7,1006.69,1006.71
6.72,1006.73,1006.75
6.74,1006.76,1006.78
6.76,1006.76,1006.78
6.78,1006.78,1006.8
6.8,1006.8,1006.82
6.82,1006.82,1006.84
6.84,1006.83,1006.85
6.86,1006.87,1006.89
6.88,1006.9,1006.92
6.9,1006.93,1006.95
6.92,1006.93,1006.95
6.94,1006.95,1006.97
6.96,1006.97,1006.99
6.98,1007,1007.02
7,1007.01,1007.03
7.02,1007.03,1007.04
7.04,1007.05,1007.07
7.06,1007.1,1007.12
7.08,1007.1,1007.12
7.1,1007.11,1007.13
7.12,1007.13,1007.15
7.14,1007.17,1007.19
7.16,1007.17,1007.19
7.18,1007.17,1007.19
7.2,1007.24,1007.26
7.22,1007.24,1007.26
7.24,1007.25,1007.27
7.26,1007.25,1007.27
7.28,1007.28,1007.3
7.3,1007.33,1007.35
7.32,1007.33,1007.35
7.34,1007.34,1007.36
7.36,1007.36,1007.38
7.38,1007.37,1007.39
7.4,1007.39,1007.41
7.42,1007.44,1007.46
7.44,1007.44,1007.46
7.46,1007.45,1007.47
7.48,1007.47,1007.49
7.5,1007.52,1007.54
7.52,1007.55,1007.57
7.54,1007.57,1007.59
7.56,1007.57,1007.59
7.58,1007.61,1007.63
7.6,1007.61,1007.63
7.62,1007.66,1007.68
7.64,1007.66,1007.68
7.66,1007.68,1007.7
7.68,1007.7,1007.72
7.7,1007.73,1007.75
7.72,1007.75,1007.77
7.74,1007.75,1007.77
7.76,1007.76,1007.78
7.78,1007.78,1007.8
7.8,1007.79,1007.81
7.82,1007.82,1007.84
7.84,1007.85,1007.87
7.86,1007.88,1007.9
7.88,1007.91,1007.93
7.9,1007.93,1007.95
7.92,1007.93,1007.95
7.94,1007.93,1007.95
7.96,1007.99,1008.01
7.98,1007.99,1008.01
8,1008.01,1008.03
8.02,1008.02,1008.04
8.04,1008.04,1008.06
8.06,1008.05,1008.07
8.08,1008.07,1008.09
8.1,1008.1,1008.12
8.12,1008.12,1008.14
8.14,1008.18,1008.2
8.16,1008.18,1008.2
8.18,1008.21,1008.23
8.2,1008.21,1008.23
8.22,1008.26,1008.28
8.24,1008.26,1008.28
8.26,1008.26,1008.28
8.28,1008.29,1008.31
8.3,1008.33,1008.35
8.32,1008.33,1008.35
8.34,1008.33,1008.35
8.36,1008.36,1008.38
8.38,1008.38,1008.4
8.4,1008.44,1008.46
8.42,1008.44,1008.46
8.44,1008.46,1008.48
8.46,1008.48,1008.5
8.48,1008.48,1008.5
8.5,1008.51,1008.53
8.52,1008.51,1008.53
8.54,1008.53,1008.55
8.56,1008.56,1008.58
8.58,1008.62,1008.64
8.6,1008.62,1008.64
8.62,1008.62,1008.64
8.64,1008.65,1008.67
8.66,1008.66,1008.68
8.68,1008.68,1008.7
8.7,1008.7,1008.72
8.72,1008.76,1008.78
8.74,1008.76,1008.78
8.76,1008.79,1008.81
8.78,1008.81,1008.83
8.8,1008.81,1008.83
8.82,1008.84,1008.86
8.84,1008.84,1008.86
8.86,1008.86,1008.88
8.88,1008.88,1008.9
8.9,1008.9,1008.92
8.92,1008.92,1008.94
8.94,1008.94,1008.96
8.96,1008.95,1008.97
8.98,1008.98,1009
9,1009.03,1009.05
9.02,1009.03,1009.05
9.04,1009.06,1009.08
9.06,1009.07,1009.09
9.08,1009.08,1009.1
9.1,1009.11,1009.13
9.12,1009.14,1009.16
9.14,1009.14,1009.16
9.16,1009.19,1009.21
9.18,1009.22,1009.24
9.2,1009.22,1009.24
9.22,1009.22,1009.24
9.24,1009.27,1009.29
9.26,1009.27,1009.29
9.28,1009.27,1009.29
9.3,1009.31,1009.33
9.32,1009.36,1009.38
9.34,1009.36,1009.38
9.36,1009.36,1009.38
9.38,1009.4,1009.42
9.4,1009.4,1009.42
9.42,1009.41,1009.43
9.44,1009.45,1009.47
9.46,1009.5,1009.52
9.48,1009.5,1009.52
9.5,1009.53,1009.55
9.52,1009.55,1009.57
9.54,1009.55,1009.57
9.56,1009.55,1009.57
9.58,1009.58,1009.6
9.6,1009.59,1009.61
9.62,1009.62,1009.64
9.64,1009.65,1009.67
9.66,1009.69,1009.71
9.68,1009.69,1009.71
9.7,1009.69,1009.71
9.72,1009.75,1009.77
9.74,1009.75,1009.77
9.76,1009.77,1009.79
9.78,1009.77,1009.79
9.8,1009.8,1009.82
9.82,1009.85,1009.87
9.84,1009.85,1009.87
9.86,1009.85,1009.87
9.88,1009.91,1009.93
9.9,1009.93,1009.95
9.92,1009.93,1009.95
9.94,1009.94,1009.96
9.96,1009.95,1009.97
9.98,1009.97,1009.99
10,1010,1010.02
10.02,1010.03,1010.05
10.04,1010.04,1010.06
10.06,1010.09,1010.11
10.08,1010.09,1010.11
10.1,1010.12,1010.14
10.12,1010.15,1010.17
10.14,1010.16,1010.18
10.16,1010.17,1010.19
10.18,1010.17,1010.19
10.2,1010.19,1010.21
10.22,1010.24,1010.26
10.24,1010.24,1010.26
10.26,1010.26,1010.28
10.28,1010.3,1010.32
10.3,1010.33,1010.35
10.32,1010.33,1010.35
10.34,1010.33,1010.35
10.36,1010.37,1010.39
10.38,1010.42,1010.44
10.4,1010.42,1010.44
10.42,1010.42,1010.44
10.44,1010.44,1010.46
10.46,1010.47,1010.49
10.48,1010.51,1010.53
10.5,1010.52,1010.54
10.52,1010.52,1010.54
10.54,1010.56,1010.58
10.56,1010.59,1010.61
10.58,1010.59,1010.61
10.6,1010.6,1010.62
10.62,1010.61,1010.63
10.64,1010.66,1010.68
10.66,1010.67,1010.69
10.68,1010.67,1010.69
10.7,1010.73,1010.75
10.72,1010.73,1010.75
10.74,1010.74,1010.76
10.76,1010.75,1010.77
10.78,1010.81,1010.83
10.8,1010.82,1010.84
10.82,1010.82,1010.84
10.84,1010.83,1010.85
10.86,1010.86,1010.88
10.88,1010.87,1010.89
10.9,1010.91,1010.93
10.92,1010.96,1010.98
10.94,1010.96,1010.98
10.96,1010.96,1010.98
10.98,1011.01,1011.03
11,1011.01,1011.03
11.02,1011.01,1011.03
11.04,1011.05,1011.07
11.06,1011.07,1011.09
11.08,1011.09,1011.11
11.1,1011.13,1011.15
11.12,1011.13,1011.15
11.14,1011.13,1011.15
11.16,1011.16,1011.18
11.18,1011.17,1011.19
11.2,1011.19,1011.21
11.22,1011.22,1011.24
11.24,1011.28,1011.3
11.26,1011.28,1011.3
11.28,1011.28,1011.3
11.3,1011.29,1011.31
11.32,1011.32,1011.34
11.34,1011.33,1011.35
11.36,1011.36,1011.38
11.38,1011.37,1011.39
11.4,1011.41,1011.43
11.42,1011.43,1011.45
11.44,1011.44,1011.46
11.46,1011.46,1011.48
11.48,1011.49,1011.51
11.5,1011.49,1011.51
11.52,1011.51,1011.53
11.54,1011.55,1011.57
11.56,1011.59,1011.61
11.58,1011.59,1011.61
11.6,1011.59,1011.61
11.62,1011.62,1011.64
11.64,1011.67,1011.69
11.66,1011.68,1011.7
11.68,1011.68,1011.7
11.7,1011.69,1011.71
11.72,1011.71,1011.73
11.74,1011.77,1011.79
11.76,1011.77,1011.79
11.78,1011.8,1011.82
11.8,1011.81,1011.83
11.82,1011.84,1011.86
11.84,1011.84,1011.86
11.86,1011.85,1011.87
11.88,1011.9,1011.92
11.9,1011.9,1011.92
11.92,1011.91,1011.93
11.94,1011.94,1011.96
11.96,1011.98,1012
11.98,1011.98,1012
12,1011.99,1012.01
12.02,1012.02,1012.04
12.04,1012.04,1012.06
12.06,1012.05,1012.07
12.08,1012.11,1012.13
12.1,1012.11,1012.13
12.12,1012.16,1012.18
12.14,1012.17,1012.19
12.16,1012.17,1012.19
12.18,1012.2,1012.22
12.2,1012.2,1012.22
12.22,1012.22,1012.24
12.24,1012.23,1012.25
12.26,1012.3,1012.32
12.28,1012.3,1012.32
12.3,1012.3,1012.32
12.32,1012.32,1012.34
12.34,1012.33,1012.35
12.36,1012.35,1012.37
12.38,1012.39,1012.41
12.4,1012.44,1012.46
12.42,1012.44,1012.46
12.44,1012.46,1012.48
12.46,1012.46,1012.48
12.48,1012.49,1012.51
12.5,1012.52,1012.54
12.52,1012.54,1012.56
12.54,1012.54,1012.56
12.56,1012.55,1012.57
12.58,1012.6,1012.62
12.6,1012.6,1012.62
12.62,1012.61,1012.63
12.64,1012.67,1012.69
12.66,1012.67,1012.69
12.68,1012.67,1012.69
12.7,1012.71,1012.73
12.72,1012.71,1012.73
12.74,1012.75,1012.77
12.76,1012.79,1012.81
12.78,1012.79,1012.81
12.8,1012.79,1012.81
12.82,1012.84,1012.86
12.84,1012.84,1012.86
12.86,1012.86,1012.88
12.88,1012.87,1012.89
12.9,1012.89,1012.91
12.92,1012.91,1012.93
12.94,1012.94,1012.96
12.96,1012.95,1012.97
12.98,1013,1013.02
13,1013,1013.02
13.02,1013.04,1013.06
13.04,1013.04,1013.06
13.06,1013.05,1013.07
13.08,1013.07,1013.09
13.1,1013.1,1013.12
13.12,1013.11,1013.13
13.14,1013.14,1013.16
13.16,1013.15,1013.17
13.18,1013.19,1013.21
13.2,1013.22,1013.24
13.22,1013.22,1013.24
13.24,1013.23,1013.25
13.26,1013.29,1013.31
13.28,1013.29,1013.31
13.3,1013.29,1013.31
13.32,1013.32,1013.34
13.34,1013.35,1013.37
13.36,1013.37,1013.39
13.38,1013.39,1013.41
13.4,1013.39,1013.41
13.42,1013.42,1013.44
13.44,1013.43,1013.45
13.46,1013.49,1013.51
13.48,1013.5,1013.52
13.5,1013.51,1013.53
13.52,1013.51,1013.53
13.54,1013.53,1013.55
13.56,1013.56,1013.58
13.58,1013.61,1013.63
13.6,1013.61,1013.63
13.62,1013.61,1013.63
13.64,1013.63,1013.65
13.66,1013.65,1013.67
13.68,1013.7,1013.72
13.7,1013.7,1013.72
13.72,1013.71,1013.73
13.74,1013.75,1013.77
13.76,1013.75,1013.77
13.78,1013.77,1013.79
13.8,1013.81,1013.83
13.82,1013.82,1013.84
13.84,1013.83,1013.85
13.86,1013.87,1013.89
13.88,1013.9,1013.92
13.9,1013.9,1013.92
13.92,1013.91,1013.93
13.94,1013.94,1013.96
13.96,1013.95,1013.97
13.98,1013.99,1014.01
14,1014.03,1014.05
14.02,1014.03,1014.05
14.04,1014.04,1014.06
14.06,1014.06,1014.08
14.08,1014.1,1014.12
14.1,1014.1,1014.12
14.12,1014.12,1014.14
14.14,1014.13,1014.15
14.16,1014.19,1014.21
14.18,1014.19,1014.21
14.2,1014.2,1014.22
14.22,1014.21,1014.23
14.24,1014.23,1014.25
14.26,1014.26,1014.28
14.28,1014.27,1014.29
14.3,1014.31,1014.33
14.32,1014.33,1014.35
14.34,1014.35,1014.37
14.36,1014.36,1014.38
14.38,1014.39,1014.41
14.4,1014.39,1014.41
14.42,1014.42,1014.44
14.44,1014.43,1014.45
14.46,1014.45,1014.47
14.48,1014.47,1014.49
14.5,1014.49,1014.51
14.52,1014.51,1014.53
14.54,1014.55,1014.57
14.56,1014.56,1014.58
14.58,1014.6,1014.62
14.6,1014.6,1014.62
14.62,1014.64,1014.66
14.64,1014.64,1014.66
14.66,1014.66,1014.68
14.68,1014.7,1014.72
14.7,1014.7,1014.72
14.72,1014.71,1014.73
14.74,1014.76,1014.78
14.76,1014.76,1014.78
14.78,1014.77,1014.79
14.8,1014.82,1014.84
14.82,1014.84,1014.86
14.84,1014.86,1014.88
14.86,1014.86,1014.88
14.88,1014.9,1014.92
14.9,1014.9,1014.92
14.92,1014.94,1014.96
14.94,1014.94,1014.96
14.96,1014.95,1014.97
14.98,1014.98,1015
15,1015.01,1015.03
15.02,1015.01,1015.03
15.04,1015.05,1015.07
15.06,1015.07,1015.09
15.08,1015.07,1015.09
15.1,1015.1,1015.12
15.12,1015.14,1015.16
15.14,1015.15,1015.17
15.16,1015.16,1015.18
15.18,1015.17,1015.19
15.2,1015.2,1015.22
15.22,1015.22,1015.24
15.24,1015.23,1015.25
15.26,1015.26,1015.28
15.28,1015.27,1015.29
15.3,1015.33,1015.35
15.32,1015.33,1015.35
15.34,1015.33,1015.35
15.36,1015.34,1015.36
15.38,1015.37,1015.39
15.4,1015.4,1015.42
15.42,1015.43,1015.45
15.44,1015.47,1015.49
15.46,1015.47,1015.49
15.48,1015.5,1015.52
15.5,1015.52,1015.54
15.52,1015.52,1015.54
15.54,1015.57,1015.59
15.56,1015.58,1015.6
15.58,1015.58,1015.6
15.6,1015.59,1015.61
15.62,1015.61,1015.63
15.64,1015.64,1015.66
15.66,1015.68,1015.7
15.68,1015.71,1015.73
15.7,1015.71,1015.73
15.72,1015.75,1015.77
15.74,1015.75,1015.77
15.76,1015.75,1015.77
15.78,1015.79,1015.81
15.8,1015.83,1015.85
15.82,1015.83,1015.85
15.84,1015.86,1015.88
15.86,1015.86,1015.88
15.88,1015.87,1015.89
15.9,1015.92,1015.94
15.92,1015.94,1015.96
15.94,1015.94,1015.96
15.96,1015.98,1016
15.98,1015.98,1016
16,1016.02,1016.04
16.02,1016.02,1016.04
16.04,1016.03,1016.05
16.06,1016.05,1016.07
16.08,1016.1,1016.12
16.1,1016.1,1016.12
16.12,1016.1,1016.12
16.14,1016.13,1016.15
16.16,1016.16,1016.18
16.18,1016.2,1016.22
16.2,1016.23,1016.25
16.22,1016.24,1016.26
16.24,1016.26,1016.28
16.26,1016.27,1016.29
16.28,1016.31,1016.33
16.3,1016.31,1016.33
16.32,1016.31,1016.33
16.34,1016.32,1016.34
16.36,1016.36,1016.38
16.38,1016.37,1016.39
16.4,1016.4,1016.41
16.42,1016.42,1016.44
16.44,1016.42,1016.44
16.46,1016.44,1016.46
16.48,1016.48,1016.5
16.5,1016.5,1016.52
16.52,1016.55,1016.57
16.54,1016.55,1016.57
16.56,1016.56,1016.58
16.58,1016.61,1016.63
16.6,1016.61,1016.63
16.62,1016.65,1016.67
16.64,1016.65,1016.67
16.66,1016.65,1016.67
16.68,1016.69,1016.71
16.7,1016.71,1016.73
16.72,1016.71,1016.73
16.74,1016.73,1016.75
16.76,1016.74,1016.76
16.78,1016.76,1016.78
16.8,1016.78,1016.8
16.82,1016.81,1016.83
16.84,1016.83,1016.85
16.86,1016.86,1016.88
16.88,1016.89,1016.91
16.9,1016.92,1016.94
16.92,1016.92,1016.94
16.94,1016.94,1016.96
16.96,1016.95,1016.97
16.98,1016.98,1017
17,1017.01,1017.03
17.02,1017.02,1017.04
17.04,1017.02,1017.04
17.06,1017.06,1017.08
17.08,1017.1,1017.12
17.1,1017.11,1017.13
17.12,1017.11,1017.13
17.14,1017.16,1017.18
17.16,1017.16,1017.18
17.18,1017.17,1017.19
17.2,1017.19,1017.21
17.22,1017.21,1017.23
17.24,1017.26,1017.28
17.26,1017.26,1017.28
17.28,1017.27,1017.29
17.3,1017.29,1017.31
17.32,1017.34,1017.36
17.34,1017.36,1017.38
17.36,1017.37,1017.39
17.38,1017.41,1017.43
17.4,1017.43,1017.45
17.42,1017.43,1017.45
17.44,1017.46,1017.48
17.46,1017.46,1017.48
17.48,1017.47,1017.49
17.5,1017.49,1017.51
17.52,1017.5,1017.52
17.54,1017.57,1017.59
17.56,1017.57,1017.59
17.58,1017.57,1017.59
17.6,1017.58,1017.6
17.62,1017.62,1017.64
17.64,1017.63,1017.65
17.66,1017.66,1017.67
17.68,1017.68,1017.7
17.7,1017.68,1017.7
17.72,1017.71,1017.73
17.74,1017.72,1017.74
17.76,1017.75,1017.77
17.78,1017.81,1017.83
17.8,1017.81,1017.83
17.82,1017.81,1017.83
17.84,1017.86,1017.88
17.86,1017.86,1017.88
17.88,1017.86,1017.88
17.9,1017.9,1017.92
17.92,1017.92,1017.94
17.94,1017.93,1017.95
17.96,1017.96,1017.98
17.98,1017.98,1018
18,1017.98,1018
18.02,1018.01,1018.03
18.04,1018.03,1018.05
18.06,1018.04,1018.06
18.08,1018.07,1018.09
18.1,1018.11,1018.13
18.12,1018.12,1018.14
18.14,1018.13,1018.15
18.16,1018.15,1018.17
18.18,1018.18,1018.2
18.2,1018.19,1018.21
18.22,1018.2,1018.22
18.24,1018.23,1018.25
18.26,1018.25,1018.27
18.28,1018.29,1018.31
18.3,1018.29,1018.31
18.32,1018.3,1018.32
18.34,1018.34,1018.36
18.36,1018.36,1018.38
18.38,1018.37,1018.39
18.4,1018.4,1018.42
18.42,1018.45,1018.47
18.44,1018.45,1018.47
18.46,1018.45,1018.47
18.48,1018.48,1018.5
18.5,1018.49,1018.51
18.52,1018.5,1018.52
18.54,1018.52,1018.54
18.56,1018.54,1018.56
18.58,1018.59,1018.61
18.6,1018.59,1018.61
18.62,1018.62,1018.64
18.64,1018.64,1018.66
18.66,1018.65,1018.67
18.68,1018.71,1018.73
18.7,1018.71,1018.73
18.72,1018.74,1018.76
18.74,1018.74,1018.76
18.76,1018.78,1018.8
18.78,1018.79,1018.81
18.8,1018.79,1018.81
18.82,1018.81,1018.83
18.84,1018.87,1018.89
18.86,1018.87,1018.89
18.88,1018.91,1018.93
18.9,1018.91,1018.93
18.92,1018.91,1018.93
18.94,1018.96,1018.98
18.96,1018.96,1018.98
18.98,1019,1019.02
19,1019,1019.02
19.02,1019.05,1019.07
19.04,1019.06,1019.08
19.06,1019.06,1019.08
19.08,1019.07,1019.09
19.1,1019.08,1019.1
19.12,1019.13,1019.15
19.14,1019.16,1019.18
19.16,1019.17,1019.18
19.18,1019.18,1019.2
19.2,1019.23,1019.25
19.22,1019.23,1019.25
19.24,1019.23,1019.25
19.26,1019.28,1019.3
19.28,1019.28,1019.3
19.3,1019.31,1019.33
19.32,1019.34,1019.36
19.34,1019.34,1019.36
19.36,1019.38,1019.4
19.38,1019.38,1019.4
19.4,1019.38,1019.4
19.42,1019.44,1019.46
19.44,1019.44,1019.46
19.46,1019.47,1019.49
19.48,1019.47,1019.49
19.5,1019.49,1019.51
19.52,1019.53,1019.55
19.54,1019.53,1019.55
19.56,1019.58,1019.6
19.58,1019.58,1019.6
19.6,1019.59,1019.61
19.62,1019.6,1019.62
19.64,1019.64,1019.66
19.66,1019.68,1019.7
19.68,1019.68,1019.7
19.7,1019.72,1019.74
19.72,1019.72,1019.74
19.74,1019.75,1019.77
19.76,1019.75,1019.77
19.78,1019.77,1019.79
19.8,1019.82,1019.84
19.82,1019.82,1019.84
19.84,1019.83,1019.85
19.86,1019.85,1019.87
19.88,1019.87,1019.89
19.9,1019.88,1019.9
19.92,1019.94,1019.96
19.94,1019.96,1019.98
19.96,1019.97,1019.99
19.98,1019.97,1019.99
20,1019.99,1020.01
20.02,1020.02,1020.04
20.04,1020.05,1020.07
20.06,1020.05,1020.07
20.08,1020.07,1020.09
20.1,1020.09,1020.1
20.12,1020.1,1020.12
20.14,1020.14,1020.16
20.16,1020.15,1020.17
20.18,1020.17,1020.19
20.2,1020.18,1020.2
20.22,1020.2,1020.22
20.24,1020.25,1020.27
20.26,1020.29,1020.31
20.28,1020.29,1020.31
20.3,1020.29,1020.31
20.32,1020.3,1020.32
20.34,1020.36,1020.38
20.36,1020.38,1020.4
20.38,1020.38,1020.4
20.4,1020.41,1020.43
20.42,1020.42,1020.44
20.44,1020.42,1020.44
20.46,1020.44,1020.46
20.48,1020.47,1020.49
20.5,1020.49,1020.51
20.52,1020.51,1020.53
20.54,1020.55,1020.57
20.56,1020.55,1020.57
20.58,1020.56,1020.58
20.6,1020.61,1020.63
20.62,1020.61,1020.63
20.64,1020.63,1020.65
20.66,1020.68,1020.7
20.68,1020.7,1020.72
20.7,1020.7,1020.72
20.72,1020.73,1020.75
20.74,1020.73,1020.75
20.76,1020.78,1020.8
20.78,1020.78,1020.8
20.8,1020.82,1020.84
20.82,1020.82,1020.84
20.84,1020.82,1020.84
20.86,1020.86,1020.88
20.88,1020.86,1020.88
20.9,1020.88,1020.9
20.92,1020.91,1020.93
20.94,1020.96,1020.98
20.96,1020.96,1020.98
20.98,1020.98,1021
21,1021,1021.02
21.02,1021.01,1021.03
21.04,1021.06,1021.08
21.06,1021.07,1021.09
21.08,1021.07,1021.09
21.1,1021.08,1021.1
21.12,1021.12,1021.14
21.14,1021.16,1021.18
21.16,1021.17,1021.19
21.18,1021.19,1021.21
21.2,1021.19,1021.21
21.22,1021.2,1021.22
21.24,1021.23,1021.25
21.26,1021.27,1021.29
21.28,1021.29,1021.31
21.3,1021.29,1021.31
21.32,1021.31,1021.33
21.34,1021.32,1021.34
21.36,1021.35,1021.37
21.38,1021.41,1021.43
21.4,1021.42,1021.44
21.42,1021.42,1021.44
21.44,1021.42,1021.44
21.46,1021.47,1021.49
21.48,1021.47,1021.49
21.5,1021.48,1021.5
21.52,1021.55,1021.57
21.54,1021.55,1021.57
21.56,1021.56,1021.58
21.58,1021.59,1021.61
21.6,1021.63,1021.65
21.62,1021.63,1021.65
21.64,1021.64,1021.66
21.66,1021.67,1021.69
21.68,1021.68,1021.7
21.7,1021.68,1021.7
21.72,1021.73,1021.75
21.74,1021.73,1021.75
21.76,1021.79,1021.81
21.78,1021.79,1021.81
21.8,1021.82,1021.84
21.82,1021.82,1021.84
21.84,1021.85,1021.87
21.86,1021.88,1021.9
21.88,1021.89,1021.91
21.9,1021.9,1021.92
21.92,1021.9,1021.92
21.94,1021.97,1021.99
21.96,1021.97,1021.99
21.98,1022,1022.02
22,1022,1022.02
22.02,1022.03,1022.05
22.04,1022.03,1022.05
22.06,1022.08,1022.1
22.08,1022.08,1022.1
22.1,1022.1,1022.12
22.12,1022.1,1022.12
22.14,1022.14,1022.16
22.16,1022.14,1022.16
22.18,1022.17,1022.19
22.2,1022.18,1022.2
22.22,1022.21,1022.23
22.24,1022.24,1022.26
22.26,1022.26,1022.28
22.28,1022.26,1022.28
22.3,1022.3,1022.32
22.32,1022.31,1022.33
22.34,1022.33,1022.35
22.36,1022.37,1022.39
22.38,1022.37,1022.39
22.4,1022.38,1022.4
22.42,1022.4,1022.42
22.44,1022.43,1022.45
22.46,1022.44,1022.46
22.48,1022.47,1022.49
22.5,1022.49,1022.51
22.52,1022.51,1022.53
22.54,1022.54,1022.56
22.56,1022.55,1022.57
22.58,1022.59,1022.61
22.6,1022.59,1022.61
22.62,1022.64,1022.66
22.64,1022.64,1022.66
22.66,1022.67,1022.69
22.68,1022.7,1022.72
22.7,1022.7,1022.72
22.72,1022.74,1022.76
22.74,1022.74,1022.76
22.76,1022.75,1022.77
22.78,1022.78,1022.8
22.8,1022.83,1022.85
22.82,1022.85,1022.87
22.84,1022.85,1022.87
22.86,1022.86,1022.88
22.88,1022.86,1022.88
22.9,1022.88,1022.9
22.92,1022.93,1022.95
22.94,1022.93,1022.95
22.96,1022.98,1023
22.98,1022.98,1023
23,1022.99,1023.01
23.02,1023,1023.02
23.04,1023.04,1023.06
23.06,1023.04,1023.06
23.08,1023.09,1023.11
23.1,1023.1,1023.12
23.12,1023.12,1023.14
23.14,1023.17,1023.19
23.16,1023.17,1023.19
23.18,1023.17,1023.19
23.2,1023.2,1023.22
23.22,1023.21,1023.23
23.24,1023.22,1023.24
23.26,1023.28,1023.3
23.28,1023.28,1023.3
23.3,1023.31,1023.33
23.32,1023.33,1023.35
23.34,1023.33,1023.35
23.36,1023.34,1023.36
23.38,1023.36,1023.38
23.4,1023.38,1023.4
23.42,1023.44,1023.46
23.44,1023.44,1023.46
23.46,1023.44,1023.46
23.48,1023.49,1023.51
23.5,1023.49,1023.51
23.52,1023.54,1023.56
23.54,1023.56,1023.58
23.56,1023.58,1023.6
23.58,1023.58,1023.6
23.6,1023.59,1023.61
23.62,1023.6,1023.62
23.64,1023.64,1023.66
23.66,1023.64,1023.66
23.68,1023.7,1023.72
23.7,1023.7,1023.72
23.72,1023.7,1023.72
23.74,1023.72,1023.74
23.76,1023.74,1023.76
23.78,1023.78,1023.8
23.8,1023.78,1023.8
23.82,1023.82,1023.84
23.84,1023.84,1023.86
23.86,1023.85,1023.87
23.88,1023.89,1023.91
23.9,1023.93,1023.95
23.92,1023.94,1023.96
23.94,1023.95,1023.97
23.96,1023.95,1023.97
23.98,1023.96,1023.98
24,1023.98,1024
24.02,1024,1024.02
24.04,1024.03,1024.05
24.06,1024.04,1024.06
24.08,1024.08,1024.1
24.1,1024.08,1024.1
24.12,1024.1,1024.12
24.14,1024.15,1024.17
24.16,1024.15,1024.17
24.18,1024.19,1024.21
24.2,1024.19,1024.21
24.22,1024.2,1024.22
24.24,1024.24,1024.26
24.26,1024.24,1024.26
24.28,1024.26,1024.28
24.3,1024.3,1024.32
24.32,1024.3,1024.32
24.34,1024.32,1024.34
24.36,1024.38,1024.4
24.38,1024.38,1024.4
24.4,1024.38,1024.4
24.42,1024.41,1024.43
24.44,1024.44,1024.46
24.46,1024.48,1024.5
24.48,1024.48,1024.5
24.5,1024.52,1024.54
24.52,1024.52,1024.54
24.54,1024.54,1024.56
24.56,1024.55,1024.57
24.58,1024.56,1024.58
24.6,1024.6,1024.62
24.62,1024.6,1024.62
24.64,1024.62,1024.64
24.66,1024.64,1024.66
24.68,1024.66,1024.68
24.7,1024.68,1024.7
24.72,1024.73,1024.75
24.74,1024.73,1024.75
24.76,1024.74,1024.76
24.78,1024.8,1024.82
24.8,1024.8,1024.82
24.82,1024.8,1024.82
24.84,1024.82,1024.84
24.86,1024.88,1024.9
24.88,1024.88,1024.9
24.9,1024.89,1024.91
24.92,1024.9,1024.92
24.94,1024.92,1024.94
24.96,1024.98,1025
24.98,1024.99,1025.01
25,1025.01,1025.03
25.02,1025.01,1025.03
25.04,1025.03,1025.05
25.06,1025.04,1025.06
25.08,1025.06,1025.08
25.1,1025.08,1025.1
25.12,1025.11,1025.13
25.14,1025.12,1025.14
25.16,1025.16,1025.18
25.18,1025.17,1025.19
25.2,1025.22,1025.24
25.22,1025.22,1025.24
25.24,1025.25,1025.27
25.26,1025.26,1025.28
25.28,1025.26,1025.28
25.3,1025.28,1025.3
25.32,1025.3,1025.32
25.34,1025.32,1025.34
25.36,1025.35,1025.37
25.38,1025.36,1025.38
25.4,1025.4,1025.42
25.42,1025.41,1025.43
25.44,1025.44,1025.46
25.46,1025.46,1025.48
25.48,1025.46,1025.48
25.5,1025.48,1025.5
25.52,1025.5,1025.52
25.54,1025.52,1025.54
25.56,1025.54,1025.56
25.58,1025.55,1025.57
25.6,1025.59,1025.61
25.62,1025.59,1025.61
25.64,1025.62,1025.64
25.66,1025.65,1025.67
25.68,1025.67,1025.69
25.7,1025.72,1025.74
25.72,1025.72,1025.74
25.74,1025.72,1025.74
25.76,1025.74,1025.76
25.78,1025.76,1025.78
25.8,1025.78,1025.8
25.82,1025.79,1025.81
25.84,1025.82,1025.84
25.86,1025.85,1025.87
25.88,1025.86,1025.88
25.9,1025.89,1025.91
25.92,1025.92,1025.94
25.94,1025.94,1025.96
25.96,1025.94,1025.96
25.98,1025.97,1025.99
26,1025.97,1025.99
26.02,1026.03,1026.05
26.04,1026.06,1026.08
26.06,1026.06,1026.08
26.08,1026.06,1026.08
26.1,1026.08,1026.1
26.12,1026.09,1026.11
26.14,1026.16,1026.18
26.16,1026.16,1026.18
26.18,1026.16,1026.18
26.2,1026.2,1026.22
26.22,1026.2,1026.22
26.24,1026.21,1026.23
26.26,1026.24,1026.26
26.28,1026.3,1026.32
26.3,1026.3,1026.32
26.32,1026.3,1026.32
26.34,1026.32,1026.34
26.36,1026.37,1026.39
26.38,1026.37,1026.39
26.4,1026.38,1026.4
26.42,1026.4,1026.42
26.44,1026.42,1026.44
26.46,1026.48,1026.5
26.48,1026.48,1026.5
26.5,1026.5,1026.52
26.52,1026.52,1026.54
26.54,1026.56,1026.58
26.56,1026.56,1026.58
26.58,1026.56,1026.58
26.6,1026.59,1026.61
26.62,1026.6,1026.62
26.64,1026.62,1026.64
26.66,1026.63,1026.65
26.68,1026.67,1026.69
26.7,1026.68,1026.7
26.72,1026.74,1026.76
26.74,1026.74,1026.76
26.76,1026.74,1026.76
26.78,1026.79,1026.81
26.8,1026.8,1026.82
26.82,1026.81,1026.83
26.84,1026.84,1026.86
26.86,1026.84,1026.86
26.88,1026.87,1026.89
26.9,1026.87,1026.89
26.92,1026.9,1026.92
26.94,1026.96,1026.98
26.96,1026.96,1026.98
26.98,1027,1027.02
27,1027,1027.02
27.02,1027,1027.02
27.04,1027.01,1027.03
27.06,1027.03,1027.05
27.08,1027.08,1027.1
27.1,1027.09,1027.11
27.12,1027.09,1027.11
27.14,1027.12,1027.14
27.16,1027.15,1027.17
27.18,1027.18,1027.2
27.2,1027.18,1027.2
27.22,1027.22,1027.24
27.24,1027.23,1027.25
27.26,1027.27,1027.29
27.28,1027.28,1027.3
27.3,1027.28,1027.3
27.32,1027.29,1027.31
27.34,1027.33,1027.35
27.36,1027.34,1027.36
27.38,1027.38,1027.4
27.4,1027.38,1027.4
27.42,1027.39,1027.41
27.44,1027.45,1027.47
27.46,1027.45,1027.47
27.48,1027.47,1027.49
27.5,1027.48,1027.5
27.52,1027.53,1027.55
27.54,1027.56,1027.58
27.56,1027.56,1027.58
27.58,1027.57,1027.59
27.6,1027.59,1027.61
27.62,1027.59,1027.61
27.64,1027.64,1027.66
27.66,1027.66,1027.68
27.68,1027.7,1027.72
27.7,1027.7,1027.72
27.72,1027.72,1027.74
27.74,1027.72,1027.74
27.76,1027.77,1027.79
27.78,1027.77,1027.79
27.8,1027.8,1027.82
27.82,1027.8,1027.82
27.84,1027.81,1027.83
27.86,1027.85,1027.87
27.88,1027.9,1027.92
27.9,1027.9,1027.92
27.92,1027.91,1027.93
27.94,1027.96,1027.98
27.96,1027.96,1027.98
27.98,1027.96,1027.98
28,1027.97,1027.99
28.02,1028,1028.02
28.04,1028.02,1028.04
28.06,1028.07,1028.09
28.08,1028.07,1028.09
28.1,1028.07,1028.09
28.12,1028.09,1028.11
28.14,1028.13,1028.15
28.16,1028.15,1028.17
28.18,1028.17,1028.19
28.2,1028.18,1028.2
28.22,1028.22,1028.24
28.24,1028.22,1028.24
28.26,1028.24,1028.26
28.28,1028.25,1028.27
28.3,1028.32,1028.34
28.32,1028.32,1028.34
28.34,1028.32,1028.34
28.36,1028.34,1028.36
28.38,1028.39,1028.41
28.4,1028.42,1028.44
28.42,1028.42,1028.44
28.44,1028.42,1028.44
28.46,1028.44,1028.46
28.48,1028.49,1028.51
28.5,1028.49,1028.51
28.52,1028.54,1028.56
28.54,1028.55,1028.57
28.56,1028.58,1028.6
28.58,1028.6,1028.62
28.6,1028.6,1028.62
28.62,1028.6,1028.62
28.64,1028.61,1028.63
28.66,1028.66,1028.68
28.68,1028.68,1028.7
28.7,1028.69,1028.71
28.72,1028.69,1028.71
28.74,1028.71,1028.73
28.76,1028.76,1028.78
28.78,1028.76,1028.78
28.8,1028.81,1028.83
28.82,1028.81,1028.83
28.84,1028.82,1028.84
28.86,1028.87,1028.89
28.88,1028.87,1028.89
28.9,1028.87,1028.89
28.92,1028.89,1028.91
28.94,1028.92,1028.94
28.96,1028.93,1028.95
28.98,1028.98,1029
29,1028.98,1029
29.02,1029,1029.02
29.04,1029.03,1029.05
29.06,1029.03,1029.05
29.08,1029.08,1029.1
29.1,1029.09,1029.11
29.12,1029.12,1029.14
29.14,1029.14,1029.16
29.16,1029.14,1029.16
29.18,1029.15,1029.17
29.2,1029.18,1029.2
29.22,1029.2,1029.22
29.24,1029.22,1029.24
29.26,1029.23,1029.25
29.28,1029.27,1029.29
29.3,1029.3,1029.32
29.32,1029.3,1029.32
29.34,1029.35,1029.37
29.36,1029.35,1029.37
29.38,1029.38,1029.4
29.4,1029.38,1029.4
29.42,1029.42,1029.44
29.44,1029.42,1029.44
29.46,1029.48,1029.5
29.48,1029.48,1029.5
29.5,1029.48,1029.5
29.52,1029.53,1029.55
29.54,1029.53,1029.55
29.56,1029.58,1029.6
29.58,1029.58,1029.6
29.6,1029.58,1029.6
29.62,1029.59,1029.61
29.64,1029.63,1029.65
29.66,1029.64,1029.66
29.68,1029.69,1029.71
29.7,1029.69,1029.71
29.72,1029.73,1029.75
29.74,1029.73,1029.75
29.76,1029.77,1029.79
29.78,1029.77,1029.79
29.8,1029.78,1029.8
29.82,1029.8,1029.82
29.84,1029.84,1029.86
29.86,1029.85,1029.87
29.88,1029.88,1029.9
29.9,1029.89,1029.91
29.92,1029.94,1029.96
29.94,1029.94,1029.96
29.96,1029.96,1029.98
29.98,1029.96,1029.98
30,1029.97,1029.99
30.02,1030.01,1030.03
30.04,1030.02,1030.04
30.06,1030.03,1030.05
30.08,1030.06,1030.08
30.1,1030.08,1030.1
30.12,1030.14,1030.16
30.14,1030.14,1030.16
30.16,1030.14,1030.16
30.18,1030.19,1030.21
30.2,1030.19,1030.21
30.22,1030.19,1030.21
30.24,1030.21,1030.23
30.26,1030.23,1030.25
30.28,1030.25,1030.27
30.3,1030.27,1030.29
30.32,1030.29,1030.31
30.34,1030.31,1030.33
30.36,1030.34,1030.36
30.38,1030.37,1030.39
30.4,1030.38,1030.4
30.42,1030.43,1030.45
30.44,1030.43,1030.45
30.46,1030.47,1030.49
30.48,1030.47,1030.49
30.5,1030.47,1030.49
30.52,1030.49,1030.51
30.54,1030.53,1030.55
30.56,1030.55,1030.57
30.58,1030.59,1030.61
30.6,1030.59,1030.61
30.62,1030.6,1030.62
30.64,1030.63,1030.65
30.66,1030.66,1030.68
30.68,1030.66,1030.68
30.7,1030.68,1030.7
30.72,1030.69,1030.71
30.74,1030.73,1030.75
30.76,1030.75,1030.77
30.78,1030.79,1030.81
30.8,1030.8,1030.82
30.82,1030.84,1030.86
30.84,1030.84,1030.86
30.86,1030.84,1030.86
30.88,1030.86,1030.88
30.9,1030.87,1030.89
30.92,1030.9,1030.92
30.94,1030.91,1030.93
30.96,1030.94,1030.96
30.98,1030.96,1030.98
31,1030.98,1031
31.02,1031.01,1031.03
31.04,1031.01,1031.03
31.06,1031.07,1031.09
31.08,1031.07,1031.09
31.1,1031.12,1031.14
31.12,1031.13,1031.15
31.14,1031.13,1031.15
31.16,1031.16,1031.18
31.18,1031.19,1031.21
31.2,1031.19,1031.21
31.22,1031.2,1031.22
31.24,1031.22,1031.24
31.26,1031.25,1031.27
31.28,1031.26,1031.28
31.3,1031.3,1031.32
31.32,1031.3,1031.32
31.34,1031.33,1031.35
31.36,1031.37,1031.39
31.38,1031.38,1031.4
31.4,1031.38,1031.4
31.42,1031.41,1031.43
31.44,1031.42,1031.44
31.46,1031.43,1031.45
31.48,1031.47,1031.49
31.5,1031.52,1031.54
31.52,1031.52,1031.54
31.54,1031.52,1031.54
31.56,1031.54,1031.56
31.58,1031.56,1031.58
31.6,1031.61,1031.63
31.62,1031.61,1031.63
31.64,1031.61,1031.63
31.66,1031.63,1031.65
31.68,1031.65,1031.67
31.7,1031.71,1031.73
31.72,1031.72,1031.74
31.74,1031.72,1031.74
31.76,1031.73,1031.75
31.78,1031.75,1031.77
31.8,1031.77,1031.79
31.82,1031.79,1031.81
31.84,1031.83,1031.85
31.86,1031.83,1031.85
31.88,1031.86,1031.88
31.9,1031.89,1031.91
31.92,1031.92,1031.94
31.94,1031.92,1031.94
31.96,1031.93,1031.95
31.98,1031.96,1031.98
32,1031.98,1032
32.02,1032.03,1032.05
32.04,1032.03,1032.05
32.06,1032.03,1032.05
32.08,1032.05,1032.07
32.1,1032.08,1032.1
32.12,1032.1,1032.12
32.14,1032.11,1032.13
32.16,1032.16,1032.18
32.18,1032.16,1032.18
32.2,1032.17,1032.19
32.22,1032.21,1032.23
32.24,1032.23,1032.25
32.26,1032.25,1032.27
32.28,1032.26,1032.28
32.3,1032.31,1032.33
32.32,1032.31,1032.33
32.34,1032.34,1032.36
32.36,1032.35,1032.37
32.38,1032.36,1032.38
32.4,1032.38,1032.4
32.42,1032.42,1032.44
32.44,1032.43,1032.45
32.46,1032.44,1032.46
32.48,1032.45,1032.47
32.5,1032.48,1032.5
32.52,1032.5,1032.52
32.54,1032.53,1032.55
32.56,1032.53,1032.55
32.58,1032.55,1032.57
32.6,1032.57,1032.59
32.62,1032.6,1032.62
32.64,1032.63,1032.65
32.66,1032.64,1032.66
32.68,1032.65,1032.67
32.7,1032.67,1032.69
32.72,1032.72,1032.74
32.74,1032.72,1032.74
32.76,1032.74,1032.76
32.78,1032.76,1032.78
32.8,1032.78,1032.8
32.82,1032.79,1032.81
32.84,1032.84,1032.86
32.86,1032.84,1032.86
32.88,1032.85,1032.87
32.9,1032.91,1032.93
32.92,1032.93,1032.95
32.94,1032.93,1032.95
32.96,1032.93,1032.95
32.98,1032.95,1032.97
33,1033.01,1033.03
33.02,1033.01,1033.03
33.04,1033.03,1033.05
33.06,1033.03,1033.05
33.08,1033.07,1033.09
33.1,1033.08,1033.1
33.12,1033.11,1033.13
33.14,1033.15,1033.17
33.16,1033.15,1033.17
33.18,1033.15,1033.17
33.2,1033.2,1033.22
33.22,1033.2,1033.22
33.24,1033.25,1033.27
33.26,1033.25,1033.27
33.28,1033.26,1033.28
33.3,1033.28,1033.3
33.32,1033.29,1033.31
33.34,1033.31,1033.33
33.36,1033.34,1033.36
33.38,1033.35,1033.37
33.4,1033.41,1033.43
33.42,1033.43,1033.45
33.44,1033.43,1033.45
33.46,1033.45,1033.47
33.48,1033.45,1033.47
33.5,1033.47,1033.49
33.52,1033.49,1033.51
33.54,1033.51,1033.53
33.56,1033.53,1033.55
33.58,1033.56,1033.58
33.6,1033.6,1033.62
33.62,1033.6,1033.62
33.64,1033.63,1033.65
33.66,1033.67,1033.69
33.68,1033.67,1033.69
33.7,1033.67,1033.69
33.72,1033.69,1033.71
33.74,1033.72,1033.74
33.76,1033.73,1033.75
33.78,1033.77,1033.79
33.8,1033.78,1033.8
33.82,1033.83,1033.85
33.84,1033.83,1033.85
33.86,1033.84,1033.86
33.88,1033.86,1033.88
33.9,1033.9,1033.92
33.92,1033.9,1033.92
33.94,1033.91,1033.93
33.96,1033.94,1033.96
33.98,1033.98,1034
34,1033.98,1034
34.02,1033.99,1034.01
34.04,1034.03,1034.05
34.06,1034.08,1034.1
34.08,1034.08,1034.1
34.1,1034.08,1034.1
34.12,1034.1,1034.12
34.14,1034.15,1034.17
34.16,1034.15,1034.17
34.18,1034.18,1034.2
34.2,1034.2,1034.22
34.22,1034.2,1034.22
34.24,1034.21,1034.23
34.26,1034.24,1034.26
34.28,1034.28,1034.3
34.3,1034.28,1034.3
34.32,1034.29,1034.31
34.34,1034.31,1034.33
34.36,1034.33,1034.35
34.38,1034.35,1034.37
34.4,1034.37,1034.39
34.42,1034.4,1034.42
34.44,1034.43,1034.45
34.46,1034.46,1034.48
34.48,1034.48,1034.5
34.5,1034.51,1034.53
34.52,1034.51,1034.53
34.54,1034.55,1034.57
34.56,1034.55,1034.57
34.58,1034.55,1034.57
34.6,1034.57,1034.59
34.62,1034.62,1034.64
34.64,1034.62,1034.64
34.66,1034.67,1034.69
34.68,1034.67,1034.69
34.7,1034.68,1034.7
34.72,1034.69,1034.71
34.74,1034.71,1034.73
34.76,1034.75,1034.77
34.78,1034.75,1034.77
34.8,1034.78,1034.8
34.82,1034.79,1034.81
34.84,1034.85,1034.87
34.86,1034.85,1034.87
34.88,1034.85,1034.87
34.9,1034.91,1034.93
34.92,1034.91,1034.93
34.94,1034.91,1034.93
34.96,1034.97,1034.99
34.98,1034.97,1034.99
35,1034.97,1034.99
35.02,1034.99,1035.01
35.04,1035.01,1035.03
35.06,1035.05,1035.07
35.08,1035.07,1035.09
35.1,1035.07,1035.09
35.12,1035.09,1035.11
35.14,1035.1,1035.12
35.16,1035.15,1035.17
35.18,1035.15,1035.17
35.2,1035.21,1035.23
35.22,1035.21,1035.23
35.24,1035.21,1035.23
35.26,1035.27,1035.29
35.28,1035.27,1035.29
35.3,1035.31,1035.33
35.32,1035.31,1035.33
35.34,1035.31,1035.33
35.36,1035.33,1035.35
35.38,1035.36,1035.38
35.4,1035.38,1035.4
35.42,1035.38,1035.4
35.44,1035.43,1035.45
35.46,1035.43,1035.45
35.48,1035.46,1035.48
35.5,1035.47,1035.49
35.52,1035.49,1035.51
35.54,1035.53,1035.55
35.56,1035.53,1035.55
35.58,1035.55,1035.57
35.6,1035.61,1035.63
35.62,1035.61,1035.63
35.64,1035.63,1035.65
35.66,1035.65,1035.67
35.68,1035.68,1035.7
35.7,1035.71,1035.73
35.72,1035.73,1035.75
35.74,1035.75,1035.77
35.76,1035.77,1035.79
35.78,1035.77,1035.79
35.8,1035.77,1035.79
35.82,1035.83,1035.85
35.84,1035.83,1035.85
35.86,1035.85,1035.87
35.88,1035.85,1035.87
35.9,1035.86,1035.88
35.92,1035.92,1035.94
35.94,1035.92,1035.94
35.96,1035.96,1035.98
35.98,1035.96,1035.98
36,1035.97,1035.99
36.02,1035.99,1036.01
36.04,1036.04,1036.06
36.06,1036.04,1036.06
36.08,1036.06,1036.08
36.1,1036.07,1036.09
36.12,1036.1,1036.12
36.14,1036.12,1036.14
36.16,1036.13,1036.15
36.18,1036.14,1036.16
36.2,1036.18,1036.2
36.22,1036.22,1036.24
36.24,1036.24,1036.26
36.26,1036.25,1036.27
36.28,1036.26,1036.28
36.3,1036.3,1036.32
36.32,1036.3,1036.32
36.34,1036.31,1036.33
36.36,1036.36,1036.38
36.38,1036.36,1036.38
36.4,1036.37,1036.39
36.42,1036.42,1036.44
36.44,1036.43,1036.45
36.46,1036.43,1036.45
36.48,1036.49,1036.51
36.5,1036.5,1036.52
36.52,1036.51,1036.53
36.54,1036.51,1036.53
36.56,1036.52,1036.54
36.58,1036.57,1036.59
36.6,1036.61,1036.63
36.62,1036.62,1036.64
36.64,1036.62,1036.64
36.66,1036.62,1036.64
36.68,1036.67,1036.69
36.7,1036.67,1036.69
36.72,1036.7,1036.72
36.74,1036.74,1036.76
36.76,1036.76,1036.78
36.78,1036.76,1036.78
36.8,1036.77,1036.79
36.82,1036.8,1036.82
36.84,1036.81,1036.83
36.86,1036.86,1036.88
36.88,1036.87,1036.89
36.9,1036.88,1036.9
36.92,1036.93,1036.95
36.94,1036.93,1036.95
36.96,1036.93,1036.95
36.98,1036.96,1036.98
37,1036.96,1036.98
37.02,1036.99,1037.01
37.04,1037.01,1037.03
37.06,1037.04,1037.06
37.08,1037.07,1037.09
37.1,1037.07,1037.09
37.12,1037.1,1037.12
37.14,1037.11,1037.13
37.16,1037.14,1037.16
37.18,1037.14,1037.16
37.2,1037.2,1037.22
37.22,1037.2,1037.22
37.24,1037.24,1037.26
37.26,1037.24,1037.26
37.28,1037.27,1037.29
37.3,1037.3,1037.32
37.32,1037.31,1037.33
37.34,1037.35,1037.37
37.36,1037.35,1037.37
37.38,1037.35,1037.37
37.4,1037.4,1037.42
37.42,1037.4,1037.42
37.44,1037.44,1037.46
37.46,1037.44,1037.46
37.48,1037.47,1037.49
37.5,1037.48,1037.5
37.52,1037.48,1037.5
37.54,1037.53,1037.55
37.56,1037.56,1037.58
37.58,1037.56,1037.58
37.6,1037.6,1037.62
37.62,1037.62,1037.64
37.64,1037.62,1037.64
37.66,1037.63,1037.65
37.68,1037.68,1037.7
37.7,1037.68,1037.7
37.72,1037.68,1037.7
37.74,1037.72,1037.74
37.76,1037.76,1037.78
37.78,1037.76,1037.78
37.8,1037.76,1037.78
37.82,1037.8,1037.82
37.84,1037.81,1037.83
37.86,1037.83,1037.85
37.88,1037.87,1037.89
37.9,1037.91,1037.93
37.92,1037.91,1037.93
37.94,1037.91,1037.93
37.96,1037.93,1037.95
37.98,1037.94,1037.96
38,1037.97,1037.99
38.02,1037.99,1038.01
38.04,1038.01,1038.03
38.06,1038.03,1038.05
38.08,1038.07,1038.09
38.1,1038.07,1038.09
38.12,1038.08,1038.1
38.14,1038.12,1038.14
38.16,1038.12,1038.14
38.18,1038.14,1038.16
38.2,1038.17,1038.19
38.22,1038.18,1038.2
38.24,1038.21,1038.23
38.26,1038.27,1038.29
38.28,1038.28,1038.3
38.3,1038.28,1038.3
38.32,1038.32,1038.34
38.34,1038.32,1038.34
38.36,1038.34,1038.36
38.38,1038.35,1038.37
38.4,1038.36,1038.38
38.42,1038.41,1038.43
38.44,1038.43,1038.45
38.46,1038.43,1038.45
38.48,1038.46,1038.48
38.5,1038.47,1038.49
38.52,1038.48,1038.5
38.54,1038.52,1038.54
38.56,1038.52,1038.54
38.58,1038.55,1038.57
38.6,1038.57,1038.59
38.62,1038.62,1038.64
38.64,1038.62,1038.64
38.66,1038.63,1038.65
38.68,1038.64,1038.66
38.7,1038.67,1038.69
38.72,1038.69,1038.71
38.74,1038.72,1038.74
38.76,1038.75,1038.77
38.78,1038.78,1038.8
38.8,1038.78,1038.8
38.82,1038.79,1038.81
38.84,1038.8,1038.82
38.86,1038.84,1038.86
38.88,1038.85,1038.87
38.9,1038.86,1038.88
38.92,1038.9,1038.92
38.94,1038.9,1038.92
38.96,1038.93,1038.95
38.98,1038.97,1038.99
39,1038.97,1038.99
39.02,1038.98,1039
39.04,1039.02,1039.04
39.06,1039.02,1039.04
39.08,1039.08,1039.1
39.1,1039.08,1039.1
39.12,1039.09,1039.11
39.14,1039.1,1039.12
39.16,1039.15,1039.17
39.18,1039.15,1039.17
39.2,1039.16,1039.18
39.22,1039.19,1039.21
39.24,1039.21,1039.23
39.26,1039.24,1039.26
39.28,1039.26,1039.28
39.3,1039.26,1039.28
39.32,1039.3,1039.32
39.34,1039.3,1039.32
39.36,1039.32,1039.34
39.38,1039.34,1039.36
39.4,1039.41,1039.43
39.42,1039.41,1039.43
39.44,1039.42,1039.44
39.46,1039.44,1039.46
39.48,1039.44,1039.46
39.5,1039.47,1039.49
39.52,1039.48,1039.5
39.54,1039.5,1039.52
39.56,1039.52,1039.54
39.58,1039.56,1039.58
39.6,1039.6,1039.62
39.62,1039.62,1039.64
39.64,1039.62,1039.64
39.66,1039.63,1039.65
39.68,1039.64,1039.66
39.7,1039.71,1039.73
39.72,1039.71,1039.73
39.74,1039.71,1039.73
39.76,1039.72,1039.74
39.78,1039.76,1039.78
39.8,1039.79,1039.81
39.82,1039.8,1039.82
39.84,1039.84,1039.86
39.86,1039.86,1039.88
39.88,1039.86,1039.88
39.9,1039.9,1039.92
39.92,1039.9,1039.92
39.94,1039.9,1039.92
39.96,1039.92,1039.94
39.98,1039.96,1039.98
40,1039.97,1039.99
40.02,1039.99,1040.01
40.04,1040.01,1040.03
40.06,1040.02,1040.04
40.08,1040.05,1040.07
40.1,1040.08,1040.1
40.12,1040.11,1040.13
40.14,1040.14,1040.16
40.16,1040.16,1040.18
40.18,1040.16,1040.18
40.2,1040.17,1040.19
40.22,1040.22,1040.24
40.24,1040.22,1040.24
40.26,1040.22,1040.24
40.28,1040.27,1040.29
40.3,1040.29,1040.31
40.32,1040.31,1040.33
40.34,1040.31,1040.33
40.36,1040.33,1040.35
40.38,1040.39,1040.41
40.4,1040.39,1040.41
40.42,1040.4,1040.42
40.44,1040.41,1040.43
40.46,1040.44,1040.46
40.48,1040.46,1040.48
40.5,1040.48,1040.5
40.52,1040.52,1040.54
40.54,1040.52,1040.54
40.56,1040.52,1040.54
40.58,1040.57,1040.59
40.6,1040.57,1040.59
40.62,1040.62,1040.64
40.64,1040.62,1040.64
40.66,1040.64,1040.66
40.68,1040.64,1040.66
40.7,1040.66,1040.68
40.72,1040.68,1040.7
40.74,1040.72,1040.74
40.76,1040.75,1040.77
40.78,1040.75,1040.77
40.8,1040.79,1040.81
40.82,1040.82,1040.84
40.84,1040.82,1040.84
40.86,1040.85,1040.87
40.88,1040.85,1040.87
40.9,1040.88,1040.9
40.92,1040.88,1040.9
40.94,1040.92,1040.94
40.96,1040.93,1040.95
40.98,1040.96,1040.98
41,1040.97,1040.99
41.02,1041.02,1041.04
41.04,1041.02,1041.04
41.06,1041.07,1041.09
41.08,1041.07,1041.09
41.1,1041.09,1041.11
41.12,1041.1,1041.12
41.14,1041.11,1041.13
41.16,1041.13,1041.15
41.18,1041.18,1041.2
41.2,1041.2,1041.22
41.22,1041.2,1041.22
41.24,1041.22,1041.24
41.26,1041.22,1041.24
41.28,1041.27,1041.29
41.3,1041.27,1041.29
41.32,1041.28,1041.3
41.34,1041.33,1041.35
41.36,1041.36,1041.38
41.38,1041.36,1041.38
41.4,1041.38,1041.4
41.42,1041.4,1041.42
41.44,1041.43,1041.45
41.46,1041.43,1041.45
41.48,1041.48,1041.5
41.5,1041.49,1041.51
41.52,1041.49,1041.51
41.54,1041.5,1041.52
41.56,1041.53,1041.55
41.58,1041.56,1041.58
41.6,1041.56,1041.58
41.62,1041.59,1041.61
41.64,1041.61,1041.63
41.66,1041.63,1041.65
41.68,1041.64,1041.66
41.7,1041.66,1041.68
41.72,1041.68,1041.7
41.74,1041.72,1041.74
41.76,1041.74,1041.76
41.78,1041.74,1041.76
41.8,1041.81,1041.83
41.82,1041.81,1041.83
41.84,1041.81,1041.83
41.86,1041.82,1041.84
41.88,1041.85,1041.87
41.9,1041.87,1041.89
41.92,1041.88,1041.9
41.94,1041.9,1041.92
41.96,1041.97,1041.99
41.98,1041.97,1041.99
42,1041.99,1042.01
42.02,1041.99,1042.01
42.04,1042,1042.02
42.06,1042.05,1042.07
42.08,1042.05,1042.07
42.1,1042.06,1042.08
42.12,1042.08,1042.1
42.14,1042.11,1042.13
42.16,1042.15,1042.17
42.18,1042.15,1042.17
42.2,1042.19,1042.21
42.22,1042.19,1042.21
42.24,1042.2,1042.22
42.26,1042.25,1042.27
42.28,1042.25,1042.27
42.3,1042.27,1042.29
42.32,1042.32,1042.34
42.34,1042.32,1042.34
42.36,1042.34,1042.36
42.38,1042.36,1042.38
42.4,1042.39,1042.41
42.42,1042.39,1042.41
42.44,1042.41,1042.43
42.46,1042.43,1042.45
42.48,1042.45,1042.47
42.5,1042.46,1042.48
42.52,1042.52,1042.54
42.54,1042.52,1042.54
42.56,1042.54,1042.56
42.58,1042.54,1042.56
42.6,1042.58,1042.6
42.62,1042.61,1042.63
42.64,1042.64,1042.66
42.66,1042.65,1042.67
42.68,1042.66,1042.68
42.7,1042.66,1042.68
42.72,1042.68,1042.7
42.74,1042.7,1042.72
42.76,1042.72,1042.74
42.78,1042.76,1042.78
42.8,1042.77,1042.79
42.82,1042.79,1042.81
42.84,1042.81,1042.83
42.86,1042.84,1042.86
42.88,1042.88,1042.9
42.9,1042.88,1042.9
42.92,1042.9,1042.92
42.94,1042.9,1042.92
42.96,1042.92,1042.94
42.98,1042.96,1042.98
43,1042.97,1042.99
43.02,1042.98,1043
43.04,1043,1043.02
43.06,1043.06,1043.08
43.08,1043.06,1043.08
43.1,1043.08,1043.1
43.12,1043.08,1043.1
43.14,1043.13,1043.15
43.16,1043.13,1043.15
43.18,1043.14,1043.16
43.2,1043.16,1043.18
43.22,1043.19,1043.21
43.24,1043.21,1043.23
43.26,1043.22,1043.24
43.28,1043.24,1043.26
43.3,1043.26,1043.28
43.32,1043.28,1043.3
43.34,1043.3,1043.32
43.36,1043.35,1043.37
43.38,1043.35,1043.37
43.4,1043.4,1043.42
43.42,1043.4,1043.42
43.44,1043.41,1043.43
43.46,1043.45,1043.47
43.48,1043.48,1043.5
43.5,1043.48,1043.5
43.52,1043.51,1043.53
43.54,1043.53,1043.55
43.56,1043.55,1043.57
43.58,1043.55,1043.57
43.6,1043.56,1043.58
43.62,1043.6,1043.62
43.64,1043.62,1043.64
43.66,1043.66,1043.68
43.68,1043.66,1043.68
43.7,1043.69,1043.71
43.72,1043.69,1043.71
43.74,1043.71,1043.73
43.76,1043.72,1043.74
43.78,1043.77,1043.79
43.8,1043.78,1043.8
43.82,1043.78,1043.8
43.84,1043.8,1043.82
43.86,1043.82,1043.84
43.88,1043.88,1043.9
43.9,1043.88,1043.9
43.92,1043.92,1043.94
43.94,1043.92,1043.94
43.96,1043.94,1043.96
43.98,1043.94,1043.96
44,1043.96,1043.98
44.02,1044,1044.02
44.04,1044.04,1044.06
44.06,1044.06,1044.08
44.08,1044.06,1044.08
44.1,1044.09,1044.11
44.12,1044.09,1044.11
44.14,1044.13,1044.15
44.16,1044.13,1044.15
44.18,1044.15,1044.17
44.2,1044.17,1044.19
44.22,1044.21,1044.23
44.24,1044.21,1044.23
44.26,1044.22,1044.24
44.28,1044.24,1044.26
44.3,1044.26,1044.28
44.32,1044.28,1044.3
44.34,1044.3,1044.32
44.36,1044.33,1044.35
44.38,1044.35,1044.37
44.4,1044.36,1044.38
44.42,1044.39,1044.41
44.44,1044.4,1044.42
44.46,1044.42,1044.44
44.48,1044.45,1044.47
44.5,1044.49,1044.51
44.52,1044.49,1044.51
44.54,1044.53,1044.55
44.56,1044.56,1044.58
44.58,1044.58,1044.6
44.6,1044.58,1044.6
44.62,1044.61,1044.63
44.64,1044.61,1044.63
44.66,1044.64,1044.66
44.68,1044.64,1044.66
44.7,1044.66,1044.68
44.72,1044.68,1044.7
44.74,1044.71,1044.73
44.76,1044.76,1044.78
44.78,1044.76,1044.78
44.8,1044.76,1044.78
44.82,1044.8,1044.82
44.84,1044.8,1044.82
44.86,1044.82,1044.84
44.88,1044.84,1044.86
44.9,1044.86,1044.88
44.92,1044.91,1044.93
44.94,1044.91,1044.93
44.96,1044.92,1044.94
44.98,1044.95,1044.97
45,1044.98,1045
45.02,1044.98,1045
45.04,1045,1045.02
45.06,1045.02,1045.04
45.08,1045.05,1045.07
45.1,1045.06,1045.08
45.12,1045.09,1045.11
45.14,1045.11,1045.13
45.16,1045.12,1045.14
45.18,1045.17,1045.19
45.2,1045.19,1045.21
45.22,1045.19,1045.21
45.24,1045.23,1045.25
45.26,1045.23,1045.25
45.28,1045.26,1045.28
45.3,1045.29,1045.31
45.32,1045.32,1045.34
45.34,1045.33,1045.35
45.36,1045.33,1045.35
45.38,1045.38,1045.4
45.4,1045.38,1045.4
45.42,1045.39,1045.41
45.44,1045.4,1045.42
45.46,1045.42,1045.44
45.48,1045.43,1045.45
45.5,1045.49,1045.51
45.52,1045.49,1045.51
45.54,1045.5,1045.52
45.56,1045.52,1045.54
45.58,1045.55,1045.57
45.6,1045.56,1045.58
45.62,1045.58,1045.6
45.64,1045.6,1045.62
45.66,1045.61,1045.63
45.68,1045.65,1045.67
45.7,1045.69,1045.71
45.72,1045.69,1045.71
45.74,1045.69,1045.71
45.76,1045.73,1045.75
45.78,1045.76,1045.78
45.8,1045.76,1045.78
45.82,1045.78,1045.8
45.84,1045.83,1045.85
45.86,1045.83,1045.85
45.88,1045.84,1045.86
45.9,1045.87,1045.89
45.92,1045.92,1045.94
45.94,1045.93,1045.95
45.96,1045.94,1045.96
45.98,1045.94,1045.96
46,1045.96,1045.98
46.02,1045.98,1046
46.04,1046.02,1046.04
46.06,1046.02,1046.04
46.08,1046.05,1046.07
46.1,1046.07,1046.09
46.12,1046.07,1046.09
46.14,1046.09,1046.11
46.16,1046.13,1046.15
46.18,1046.14,1046.16
46.2,1046.17,1046.19
46.22,1046.19,1046.21
46.24,1046.24,1046.26
46.26,1046.24,1046.26
46.28,1046.24,1046.26
46.3,1046.25,1046.27
46.32,1046.27,1046.29
46.34,1046.3,1046.32
46.36,1046.32,1046.34
46.38,1046.34,1046.36
46.4,1046.38,1046.4
46.42,1046.4,1046.42
46.44,1046.42,1046.44
46.46,1046.42,1046.44
46.48,1046.44,1046.46
46.5,1046.5,1046.52
46.52,1046.5,1046.52
46.54,1046.51,1046.53
46.56,1046.55,1046.57
46.58,1046.57,1046.59
46.6,1046.59,1046.61
46.62,1046.59,1046.61
46.64,1046.61,1046.63
46.66,1046.62,1046.64
46.68,1046.63,1046.65
46.7,1046.65,1046.67
46.72,1046.7,1046.72
46.74,1046.7,1046.72
46.76,1046.75,1046.77
46.78,1046.75,1046.77
46.8,1046.76,1046.78
46.82,1046.77,1046.79
46.84,1046.8,1046.82
46.86,1046.82,1046.84
46.88,1046.86,1046.88
46.9,1046.9,1046.92
46.92,1046.91,1046.93
46.94,1046.91,1046.93
46.96,1046.93,1046.95
46.98,1046.95,1046.97
47,1047,1047.02
47.02,1047,1047.02
47.04,1047,1047.02
47.06,1047.02,1047.04
47.08,1047.06,1047.08
47.1,1047.06,1047.08
47.12,1047.11,1047.13
47.14,1047.12,1047.14
47.16,1047.12,1047.14
47.18,1047.14,1047.16
47.2,1047.15,1047.17
47.22,1047.18,1047.2
47.24,1047.2,1047.22
47.26,1047.24,1047.26
47.28,1047.27,1047.29
47.3,1047.27,1047.29
47.32,1047.3,1047.32
47.34,1047.3,1047.32
47.36,1047.35,1047.37
47.38,1047.38,1047.4
47.4,1047.38,1047.4
47.42,1047.39,1047.41
47.44,1047.39,1047.41
47.46,1047.41,1047.43
47.48,1047.44,1047.46
47.5,1047.49,1047.51
47.52,1047.49,1047.51
47.54,1047.49,1047.51
47.56,1047.52,1047.54
47.58,1047.57,1047.59
47.6,1047.57,1047.59
47.62,1047.57,1047.59
47.64,1047.61,1047.63
47.66,1047.61,1047.63
47.68,1047.63,1047.65
47.7,1047.65,1047.67
47.72,1047.69,1047.71
47.74,1047.72,1047.74
47.76,1047.73,1047.75
47.78,1047.77,1047.79
47.8,1047.77,1047.79
47.82,1047.79,1047.81
47.84,1047.8,1047.82
47.86,1047.83,1047.85
47.88,1047.86,1047.88
47.9,1047.89,1047.91
47.92,1047.9,1047.92
47.94,1047.91,1047.93
47.96,1047.93,1047.95
47.98,1047.93,1047.95
48,1048,1048.02
48.02,1048.02,1048.04
48.04,1048.02,1048.04
48.06,1048.02,1048.04
48.08,1048.07,1048.09
48.1,1048.07,1048.09
48.12,1048.09,1048.11
48.14,1048.1,1048.12
48.16,1048.11,1048.13
48.18,1048.15,1048.17
48.2,1048.16,1048.18
48.22,1048.19,1048.21
48.24,1048.21,1048.23
48.26,1048.25,1048.27
48.28,1048.25,1048.27
48.3,1048.26,1048.28
48.32,1048.3,1048.32
48.34,1048.33,1048.35
48.36,1048.33,1048.35
48.38,1048.36,1048.38
48.4,1048.38,1048.4
48.42,1048.38,1048.4
48.44,1048.44,1048.46
48.46,1048.45,1048.47
48.48,1048.47,1048.49
48.5,1048.47,1048.49
48.52,1048.47,1048.49
48.54,1048.5,1048.52
48.56,1048.56,1048.58
48.58,1048.56,1048.58
48.6,1048.56,1048.58
48.62,1048.58,1048.6
48.64,1048.64,1048.66
48.66,1048.64,1048.66
48.68,1048.64,1048.66
48.7,1048.68,1048.7
48.72,1048.7,1048.72
48.74,1048.7,1048.72
48.76,1048.71,1048.73
48.78,1048.75,1048.77
48.8,1048.79,1048.81
48.82,1048.79,1048.81
48.84,1048.82,1048.84
48.86,1048.84,1048.86
48.88,1048.84,1048.86
48.9,1048.9,1048.92
48.92,1048.9,1048.92
48.94,1048.92,1048.94
48.96,1048.92,1048.94
48.98,1048.98,1049
49,1048.98,1049
49.02,1048.98,1049
49.04,1049,1049.02
49.06,1049.04,1049.06
49.08,1049.04,1049.06
49.1,1049.09,1049.11
49.12,1049.09,1049.11
49.14,1049.12,1049.14
49.16,1049.12,1049.14
49.18,1049.13,1049.15
49.2,1049.18,1049.2
49.22,1049.19,1049.21
49.24,1049.19,1049.21
49.26,1049.21,1049.23
49.28,1049.24,1049.26
49.3,1049.25,1049.27
49.32,1049.29,1049.31
49.34,1049.32,1049.34
49.36,1049.32,1049.34
49.38,1049.33,1049.35
49.4,1049.35,1049.37
49.42,1049.41,1049.43
49.44,1049.44,1049.46
49.46,1049.44,1049.46
49.48,1049.44,1049.46
49.5,1049.46,1049.48
49.52,1049.51,1049.53
49.54,1049.51,1049.53
49.56,1049.54,1049.56
49.58,1049.54,1049.56
49.6,1049.56,1049.58
49.62,1049.57,1049.59
49.64,1049.59,1049.61
49.66,1049.61,1049.63
49.68,1049.66,1049.68
49.7,1049.66,1049.68
49.72,1049.7,1049.72
49.74,1049.7,1049.72
49.76,1049.75,1049.77
49.78,1049.76,1049.78
49.8,1049.78,1049.8
49.82,1049.79,1049.81
49.84,1049.8,1049.82
49.86,1049.82,1049.84
49.88,1049.83,1049.85
49.9,1049.86,1049.88
49.92,1049.92,1049.94
49.94,1049.92,1049.94
49.96,1049.92,1049.94
49.98,1049.93,1049.95
50,1049.96,1049.98
50.02,1049.97,1049.99
50.04,1050.03,1050.05
50.06,1050.03,1050.05
50.08,1050.03,1050.05
50.1,1050.09,1050.11
50.12,1050.09,1050.11
50.14,1050.1,1050.12
50.16,1050.11,1050.13
50.18,1050.15,1050.17
50.2,1050.18,1050.2
50.22,1050.19,1050.21
50.24,1050.21,1050.23
50.26,1050.22,1050.24
50.28,1050.26,1050.28
50.3,1050.26,1050.28
50.32,1050.28,1050.3
50.34,1050.33,1050.35
50.36,1050.35,1050.37
50.38,1050.35,1050.37
50.4,1050.36,1050.38
50.42,1050.38,1050.4
50.44,1050.4,1050.42
50.46,1050.44,1050.46
50.48,1050.44,1050.46
50.5,1050.48,1050.5
50.52,1050.49,1050.51
50.54,1050.54,1050.56
50.56,1050.54,1050.56
50.58,1050.54,1050.56
50.6,1050.56,1050.58
50.62,1050.57,1050.59
50.64,1050.59,1050.61
50.66,1050.63,1050.65
50.68,1050.64,1050.66
50.7,1050.69,1050.71
50.72,1050.69,1050.71
50.74,1050.69,1050.71
50.76,1050.71,1050.73
50.78,1050.78,1050.8
50.8,1050.78,1050.8
50.82,1050.79,1050.81
50.84,1050.83,1050.85
50.86,1050.84,1050.86
50.88,1050.88,1050.9
50.9,1050.88,1050.9
50.92,1050.88,1050.9
50.94,1050.89,1050.91
50.96,1050.92,1050.94
50.98,1050.93,1050.95
51,1050.98,1051
51.02,1051.02,1051.04
51.04,1051.02,1051.04
51.06,1051.02,1051.04
51.08,1051.03,1051.05
51.1,1051.07,1051.09
51.12,1051.07,1051.09
51.14,1051.13,1051.15
51.16,1051.13,1051.15
51.18,1051.16,1051.18
51.2,1051.16,1051.18
51.22,1051.18,1051.2
51.24,1051.19,1051.21
51.26,1051.23,1051.25
51.28,1051.23,1051.25
51.3,1051.25,1051.27
51.32,1051.3,1051.32
51.34,1051.3,1051.32
51.36,1051.32,1051.34
51.38,1051.37,1051.39
51.4,1051.37,1051.39
51.42,1051.38,1051.4
51.44,1051.41,1051.43
51.46,1051.42,1051.44
51.48,1051.45,1051.47
51.5,1051.45,1051.47
51.52,1051.49,1051.51
51.54,1051.5,1051.52
51.56,1051.54,1051.56
51.58,1051.56,1051.58
51.6,1051.6,1051.62
51.62,1051.6,1051.62
51.64,1051.6,1051.62
51.66,1051.62,1051.64
51.68,1051.64,1051.66
51.7,1051.65,1051.67
51.72,1051.71,1051.73
51.74,1051.71,1051.73
51.76,1051.71,1051.73
51.78,1051.73,1051.75
51.8,1051.77,1051.79
51.82,1051.78,1051.8
51.84,1051.8,1051.82
51.86,1051.81,1051.83
51.88,1051.86,1051.88
51.9,1051.87,1051.89
51.92,1051.91,1051.93
51.94,1051.91,1051.93
51.96,1051.91,1051.93
51.98,1051.94,1051.96
52,1051.95,1051.97
52.02,1052,1052.02
52.04,1052,1052.02
52.06,1052.01,1052.03
52.08,1052.05,1052.07
52.1,1052.07,1052.09
52.12,1052.1,1052.12
52.14,1052.1,1052.12
52.16,1052.15,1052.17
52.18,1052.17,1052.19
52.2,1052.17,1052.19
52.22,1052.17,1052.19
52.24,1052.21,1052.23
52.26,1052.25,1052.27
52.28,1052.25,1052.27
52.3,1052.26,1052.28
52.32,1052.3,1052.32
52.34,1052.3,1052.32
52.36,1052.35,1052.37
52.38,1052.35,1052.37
52.4,1052.35,1052.37
52.42,1052.4,1052.42
52.44,1052.4,1052.42
52.46,1052.44,1052.46
52.48,1052.44,1052.46
52.5,1052.45,1052.47
52.52,1052.51,1052.53
52.54,1052.51,1052.53
52.56,1052.52,1052.54
52.58,1052.53,1052.55
52.6,1052.6,1052.62
52.62,1052.6,1052.62
52.64,1052.62,1052.64
52.66,1052.62,1052.64
52.68,1052.63,1052.65
52.7,1052.67,1052.69
52.72,1052.67,1052.69
52.74,1052.7,1052.72
52.76,1052.71,1052.73
52.78,1052.76,1052.78
52.8,1052.76,1052.78
52.82,1052.77,1052.79
52.84,1052.8,1052.82
52.86,1052.81,1052.83
52.88,1052.83,1052.85
52.9,1052.85,1052.87
52.92,1052.9,1052.92
52.94,1052.9,1052.92
52.96,1052.95,1052.97
52.98,1052.97,1052.99
53,1052.97,1052.99
53.02,1052.98,1053
53.04,1053.03,1053.05
53.06,1053.03,1053.05
53.08,1053.05,1053.07
53.1,1053.08,1053.1
53.12,1053.09,1053.11
53.14,1053.09,1053.11
53.16,1053.11,1053.13
53.18,1053.13,1053.15
53.2,1053.15,1053.17
53.22,1053.2,1053.22
53.24,1053.2,1053.22
53.26,1053.21,1053.23
53.28,1053.24,1053.26
53.3,1053.28,1053.3
53.32,1053.28,1053.3
53.34,1053.29,1053.31
53.36,1053.35,1053.37
53.38,1053.35,1053.37
53.4,1053.35,1053.37
53.42,1053.38,1053.4
53.44,1053.39,1053.41
53.46,1053.41,1053.43
53.48,1053.43,1053.45
53.5,1053.45,1053.47
53.52,1053.48,1053.5
53.54,1053.53,1053.55
53.56,1053.53,1053.55
53.58,1053.53,1053.55
53.6,1053.57,1053.59
53.62,1053.57,1053.59
53.64,1053.59,1053.61
53.66,1053.65,1053.67
53.68,1053.65,1053.67
53.7,1053.67,1053.69
53.72,1053.67,1053.69
53.74,1053.69,1053.71
53.76,1053.71,1053.73
53.78,1053.75,1053.77
53.8,1053.75,1053.77
53.82,1053.77,1053.79
53.84,1053.83,1053.85
53.86,1053.83,1053.85
53.88,1053.84,1053.86
53.9,1053.86,1053.88
53.92,1053.9,1053.92
53.94,1053.9,1053.92
53.96,1053.93,1053.95
53.98,1053.93,1053.95
54,1053.96,1053.98
54.02,1053.97,1053.99
54.04,1054.01,1054.03
54.06,1054.04,1054.06
54.08,1054.04,1054.06
54.1,1054.05,1054.07
54.12,1054.08,1054.1
54.14,1054.1,1054.12
54.16,1054.15,1054.17
54.18,1054.17,1054.19
54.2,1054.18,1054.2
54.22,1054.19,1054.21
54.24,1054.2,1054.22
54.26,1054.21,1054.23
54.28,1054.23,1054.25
54.3,1054.28,1054.3
54.32,1054.31,1054.33
54.34,1054.31,1054.33
54.36,1054.33,1054.35
54.38,1054.33,1054.35
54.4,1054.39,1054.41
54.42,1054.39,1054.41
54.44,1054.42,1054.44
54.46,1054.42,1054.44
54.48,1054.47,1054.49
54.5,1054.48,1054.5
54.52,1054.48,1054.5
54.54,1054.51,1054.53
54.56,1054.55,1054.57
54.58,1054.55,1054.57
54.6,1054.56,1054.58
54.62,1054.57,1054.59
54.64,1054.61,1054.63
54.66,1054.61,1054.63
54.68,1054.63,1054.65
54.7,1054.67,1054.69
54.72,1054.71,1054.73
54.74,1054.71,1054.73
54.76,1054.73,1054.75
54.78,1054.74,1054.76
54.8,1054.75,1054.77
54.82,1054.8,1054.82
54.84,1054.8,1054.82
54.86,1054.81,1054.83
54.88,1054.83,1054.85
54.9,1054.88,1054.9
54.92,1054.9,1054.92
54.94,1054.92,1054.94
54.96,1054.92,1054.94
54.98,1054.93,1054.95
55,1054.99,1055.01
55.02,1054.99,1055.01
55.04,1054.99,1055.01
55.06,1055.01,1055.03
55.08,1055.03,1055.05
55.1,1055.05,1055.07
55.12,1055.08,1055.1
55.14,1055.11,1055.13
55.16,1055.11,1055.13
55.18,1055.16,1055.18
55.2,1055.16,1055.18
55.22,1055.21,1055.23
55.24,1055.23,1055.25
55.26,1055.24,1055.26
55.28,1055.27,1055.29
55.3,1055.27,1055.29
55.32,1055.28,1055.3
55.34,1055.32,1055.34
55.36,1055.35,1055.37
55.38,1055.35,1055.37
55.4,1055.36,1055.38
55.42,1055.38,1055.4
55.44,1055.39,1055.41
55.46,1055.42,1055.44
55.48,1055.43,1055.45
55.5,1055.44,1055.46
55.52,1055.46,1055.48
55.54,1055.5,1055.52
55.56,1055.53,1055.55
55.58,1055.53,1055.55
55.6,1055.55,1055.57
55.62,1055.59,1055.61
55.64,1055.63,1055.65
55.66,1055.63,1055.65
55.68,1055.64,1055.66
55.7,1055.65,1055.67
55.72,1055.66,1055.68
55.74,1055.73,1055.75
55.76,1055.73,1055.75
55.78,1055.73,1055.75
55.8,1055.79,1055.81
55.82,1055.8,1055.82
55.84,1055.8,1055.82
55.86,1055.81,1055.83
55.88,1055.84,1055.86
55.9,1055.84,1055.86
55.92,1055.9,1055.92
55.94,1055.9,1055.92
55.96,1055.92,1055.94
55.98,1055.95,1055.97
56,1055.99,1056.01
56.02,1056.01,1056.03
56.04,1056.01,1056.03
56.06,1056.01,1056.03
56.08,1056.03,1056.05
56.1,1056.04,1056.06
56.12,1056.07,1056.09
56.14,1056.09,1056.11
56.16,1056.1,1056.12
56.18,1056.14,1056.16
56.2,1056.15,1056.17
56.22,1056.2,1056.22
56.24,1056.2,1056.22
56.26,1056.22,1056.24
56.28,1056.23,1056.25
56.3,1056.28,1056.3
56.32,1056.28,1056.3
56.34,1056.32,1056.34
56.36,1056.34,1056.36
56.38,1056.36,1056.38
56.4,1056.36,1056.38
56.42,1056.4,1056.42
56.44,1056.41,1056.43
56.46,1056.41,1056.43
56.48,1056.44,1056.46
56.5,1056.46,1056.48
56.52,1056.48,1056.5
56.54,1056.49,1056.51
56.56,1056.5,1056.52
56.58,1056.54,1056.56
56.6,1056.57,1056.59
56.62,1056.6,1056.62
56.64,1056.62,1056.64
56.66,1056.62,1056.64
56.68,1056.62,1056.64
56.7,1056.67,1056.69
56.72,1056.67,1056.69
56.74,1056.7,1056.72
56.76,1056.74,1056.76
56.78,1056.74,1056.76
56.8,1056.76,1056.78
56.82,1056.8,1056.82
56.84,1056.8,1056.82
56.86,1056.82,1056.84
56.88,1056.83,1056.85
56.9,1056.84,1056.86
56.92,1056.88,1056.9
56.94,1056.93,1056.95
56.96,1056.93,1056.95
56.98,1056.96,1056.98
57,1056.96,1056.98
57.02,1056.97,1056.99
57.04,1056.99,1057.01
57.06,1057.03,1057.05
57.08,1057.06,1057.08
57.1,1057.06,1057.08
57.12,1057.07,1057.09
57.14,1057.08,1057.1
57.16,1057.12,1057.14
57.18,1057.12,1057.14
57.2,1057.14,1057.16
57.22,1057.17,1057.19
57.24,1057.18,1057.2
57.26,1057.24,1057.26
57.28,1057.24,1057.26
57.3,1057.27,1057.29
57.32,1057.28,1057.3
57.34,1057.33,1057.35
57.36,1057.33,1057.35
57.38,1057.33,1057.35
57.4,1057.35,1057.37
57.42,1057.36,1057.38
57.44,1057.39,1057.41
57.46,1057.44,1057.46
57.48,1057.44,1057.46
57.5,1057.47,1057.49
57.52,1057.47,1057.49
57.54,1057.49,1057.51
57.56,1057.54,1057.56
57.58,1057.54,1057.56
57.6,1057.55,1057.57
57.62,1057.57,1057.59
57.64,1057.58,1057.6
57.66,1057.61,1057.63
57.68,1057.62,1057.64
57.7,1057.67,1057.69
57.72,1057.7,1057.72
57.74,1057.71,1057.73
57.76,1057.71,1057.73
57.78,1057.73,1057.75
57.8,1057.75,1057.77
57.82,1057.81,1057.83
57.84,1057.81,1057.83
57.86,1057.85,1057.87
57.88,1057.85,1057.87
57.9,1057.88,1057.9
57.92,1057.89,1057.91
57.94,1057.91,1057.93
57.96,1057.93,1057.95
57.98,1057.94,1057.96
58,1057.95,1057.97
58.02,1057.97,1057.99
58.04,1058.02,1058.04
58.06,1058.02,1058.04
58.08,1058.03,1058.05
58.1,1058.05,1058.07
58.12,1058.07,1058.09
58.14,1058.09,1058.11
58.16,1058.1,1058.12
58.18,1058.16,1058.18
58.2,1058.16,1058.18
58.22,1058.16,1058.18
58.24,1058.2,1058.22
58.26,1058.2,1058.22
58.28,1058.22,1058.24
58.3,1058.28,1058.3
58.32,1058.28,1058.3
58.34,1058.32,1058.34
58.36,1058.32,1058.34
58.38,1058.33,1058.35
58.4,1058.34,1058.36
58.42,1058.37,1058.39
58.44,1058.4,1058.42
58.46,1058.4,1058.42
58.48,1058.45,1058.47
58.5,1058.46,1058.48
58.52,1058.48,1058.5
58.54,1058.48,1058.5
58.56,1058.55,1058.57
58.58,1058.55,1058.57
58.6,1058.55,1058.57
58.62,1058.58,1058.6
58.64,1058.59,1058.61
58.66,1058.6,1058.62
58.68,1058.65,1058.67
58.7,1058.67,1058.69
58.72,1058.67,1058.69
58.74,1058.7,1058.72
58.76,1058.73,1058.75
58.78,1058.73,1058.75
58.8,1058.78,1058.8
58.82,1058.78,1058.8
58.84,1058.78,1058.8
58.86,1058.81,1058.83
58.88,1058.85,1058.87
58.9,1058.85,1058.87
58.92,1058.9,1058.92
58.94,1058.92,1058.94
58.96,1058.92,1058.94
58.98,1058.95,1058.97
59,1058.96,1058.98
59.02,1058.98,1059
59.04,1059.03,1059.05
59.06,1059.03,1059.05
59.08,1059.04,1059.06
59.1,1059.07,1059.09
59.12,1059.07,1059.09
59.14,1059.1,1059.12
59.16,1059.1,1059.12
59.18,1059.14,1059.16
59.2,1059.16,1059.18
59.22,1059.16,1059.18
59.24,1059.21,1059.23
59.26,1059.23,1059.25
59.28,1059.26,1059.28
59.3,1059.26,1059.28
59.32,1059.26,1059.28
59.34,1059.28,1059.3
59.36,1059.33,1059.35
59.38,1059.33,1059.35
59.4,1059.36,1059.38
59.42,1059.36,1059.38
59.44,1059.41,1059.43
59.46,1059.44,1059.46
59.48,1059.44,1059.46
59.5,1059.45,1059.47
59.52,1059.5,1059.52
59.54,1059.5,1059.52
59.56,1059.5,1059.52
59.58,1059.55,1059.57
59.6,1059.57,1059.59
59.62,1059.58,1059.6
59.64,1059.59,1059.61
59.66,1059.64,1059.66
59.68,1059.64,1059.66
59.7,1059.69,1059.71
59.72,1059.69,1059.71
59.74,1059.71,1059.73
59.76,1059.74,1059.76
59.78,1059.74,1059.76
59.8,1059.77,1059.79
59.82,1059.78,1059.8
59.84,1059.8,1059.82
59.86,1059.8,1059.82
59.88,1059.82,1059.84
59.9,1059.86,1059.88
59.92,1059.86,1059.88
59.94,1059.91,1059.93
59.96,1059.91,1059.93
59.98,1059.92,1059.94
60,1059.97,1059.99
